2010-08-17 0:00,13.56788864
2010-08-20 0:00,39.49336866
2010-08-23 0:00,95.802102
2010-08-26 0:00,56.50230111
2010-08-29 0:00,77.58325225
2010-09-01 0:00,82.95907478
2010-09-04 0:00,28.78943791
2010-09-07 0:00,34.67630928
2010-09-10 0:00,81.65658773
2010-09-13 0:00,36.02014317
2010-09-16 0:00,46.24612871
2010-09-19 0:00,22.18305797
2010-09-22 0:00,29.60246457
2010-09-25 0:00,59.1316892
2010-09-28 0:00,29.67579426
2010-10-01 0:00,20.58028093
2010-10-04 0:00,14.59560691
2010-10-07 0:00,7.630478088
2010-10-10 0:00,8.53205752
2010-10-13 0:00,41.09004848
2010-10-16 0:00,13.47329778
2010-10-19 0:00,45.73976446
2010-10-22 0:00,35.5065014
2010-10-25 0:00,36.63273313
2010-10-28 0:00,31.01541885
2010-10-31 0:00,24.03345245
2010-11-03 0:00,40.37039536
2010-11-06 0:00,10.31813254
2010-11-09 0:00,15.62925531
2010-11-12 0:00,70.26407788
2010-11-15 0:00,31.83305077
2010-11-18 0:00,68.0923778
2010-11-21 0:00,16.58961217
2010-11-24 0:00,32.53627091
2010-11-27 0:00,65.25055142
2010-11-30 0:00,27.9978647
2010-12-03 0:00,41.84231723
2010-12-06 0:00,17.52907885
2010-12-09 0:00,58.39421514
2010-12-12 0:00,75.1754959
2010-12-15 0:00,31.36705695
2010-12-18 0:00,28.39520373
2010-12-21 0:00,38.67132398
2010-12-24 0:00,90.29388855
2010-12-27 0:00,21.97613801
2010-12-30 0:00,33.19409792
2011-01-02 0:00,54.38289912
2011-01-05 0:00,47.25287784
2011-01-08 0:00,33.63694177
2011-01-11 0:00,24.39374173
2011-01-14 0:00,18.69276752
2011-01-17 0:00,16.28403631
2011-01-20 0:00,21.47456664
2011-01-23 0:00,20.57715282
2011-01-26 0:00,49.60265178
2011-01-29 0:00,37.05048499
2011-02-01 0:00,13.57048373
2011-02-04 0:00,35.42358592
2011-02-07 0:00,8.791857536
2011-02-10 0:00,14.32373199
2011-02-13 0:00,50.4393415
2011-02-16 0:00,39.7699609
2011-02-19 0:00,22.32072839
2011-02-22 0:00,33.67679427
2011-02-25 0:00,34.80803369
2011-02-28 0:00,32.77464218
2011-03-03 0:00,9.560895022
2011-03-06 0:00,30.52509959
2011-03-09 0:00,7.752925079
2011-03-12 0:00,10.42768106
2011-03-15 0:00,5.9615411
2011-03-18 0:00,10.14767877
2011-03-21 0:00,13.61339755
2011-03-24 0:00,6.974669151
2011-03-27 0:00,11.89980496
2011-03-30 0:00,14.30138956
2011-04-02 0:00,28.53637229
2011-04-05 0:00,15.61214711
2011-04-08 0:00,15.63420051
2011-04-11 0:00,16.5758598
2011-04-14 0:00,16.76355154
2011-04-17 0:00,1.236928921
2011-04-20 0:00,1.067965699
2011-04-23 0:00,10.26564855
2011-04-26 0:00,15.10309438
2011-04-29 0:00,4.961211804
2011-05-02 0:00,14.42908135
2011-05-05 0:00,14.93311232
2011-05-08 0:00,12.97068035
2011-05-11 0:00,8.192167763
2011-05-14 0:00,1.891758254
2011-05-17 0:00,9.41569597
2011-05-20 0:00,18.2399189
2011-05-23 0:00,15.73519324
2011-05-26 0:00,17.92322834
2011-05-29 0:00,13.98505156
2011-06-01 0:00,14.17477556
2011-06-04 0:00,12.39041681
2011-06-07 0:00,11.84922129
2011-06-10 0:00,10.32266638
2011-06-13 0:00,7.971729221
2011-06-16 0:00,7.622641944
2011-06-19 0:00,9.747842548
2011-06-22 0:00,11.03364867
2011-06-25 0:00,6.853906108
2011-06-28 0:00,5.11188619
2011-07-01 0:00,8.852929544
2011-07-04 0:00,13.52529856
2011-07-07 0:00,10.63430322
2011-07-10 0:00,13.88061208
2011-07-13 0:00,16.55056181
2011-07-16 0:00,18.36939324
2011-07-19 0:00,10.41652736
2011-07-22 0:00,12.4826377
2011-07-25 0:00,11.39155529
2011-07-28 0:00,9.012894989
2011-07-31 0:00,15.70795865
2011-08-03 0:00,8.395502251
2011-08-06 0:00,9.097969237
2011-08-09 0:00,9.611586543
2011-08-12 0:00,12.262758
2011-08-15 0:00,10.71583554
2011-08-18 0:00,9.076852467
2011-08-21 0:00,17.73535467
2011-08-24 0:00,10.03960838
2011-08-27 0:00,0.579921769
2011-08-30 0:00,15.80009167
2011-09-02 0:00,14.44342498
2011-09-05 0:00,9.563002343
2011-09-08 0:00,10.07997866
2011-09-11 0:00,0.904134579
2011-09-14 0:00,9.720915467
2011-09-17 0:00,9.002038198
2011-09-20 0:00,8.492419708
2011-09-23 0:00,11.91333825
2011-09-26 0:00,10.45503774
2011-09-29 0:00,13.32462653
2011-10-02 0:00,12.11410014
2011-10-05 0:00,8.620130272
2011-10-08 0:00,6.198840533
2011-10-11 0:00,6.73752918
2011-10-14 0:00,8.650519432
2011-10-17 0:00,4.806862079
2011-10-20 0:00,4.128833501
2011-10-23 0:00,4.974501354
2011-10-26 0:00,4.486314262
2011-10-29 0:00,3.154971907
2011-11-01 0:00,5.776616162
2011-11-04 0:00,6.919932383
2011-11-07 0:00,10.04851739
2011-11-10 0:00,5.80349865
2011-11-13 0:00,9.359646714
2011-11-16 0:00,0.473524219
2011-11-19 0:00,0.269184952
2011-11-22 0:00,0.405060333
2011-11-25 0:00,3.662688656
2011-11-28 0:00,0.234008454
2011-12-01 0:00,0.376206404
2011-12-04 0:00,0.213852115
2011-12-07 0:00,0.138392197
2011-12-10 0:00,2.417412276
2011-12-13 0:00,3.973010482
2011-12-16 0:00,3.842189831
2011-12-19 0:00,5.692571928
2011-12-22 0:00,6.569632034
2011-12-25 0:00,13.17230698
2011-12-28 0:00,8.041785043
2011-12-31 0:00,9.681359832
2012-01-03 0:00,9.593204734
2012-01-06 0:00,4.898525395
2012-01-09 0:00,5.367299525
2012-01-12 0:00,10.54227323
2012-01-15 0:00,9.330730612
2012-01-18 0:00,4.635021696
2012-01-21 0:00,9.655143799
2012-01-24 0:00,6.977976377
2012-01-27 0:00,4.918912988
2012-01-30 0:00,10.03527488
2012-02-02 0:00,5.856481429
2012-02-05 0:00,6.138344871
2012-02-08 0:00,6.457300195
2012-02-11 0:00,6.692616311
2012-02-14 0:00,1.783051787
2012-02-17 0:00,3.763674429
2012-02-20 0:00,6.933852622
2012-02-23 0:00,6.705324575
2012-02-26 0:00,8.50875386
2012-02-29 0:00,8.875635916
2012-03-03 0:00,3.754135128
2012-03-06 0:00,6.365731793
2012-03-09 0:00,7.755051922
2012-03-12 0:00,7.762816305
2012-03-15 0:00,4.111993698
2012-03-18 0:00,8.663535314
2012-03-21 0:00,5.540594574
2012-03-24 0:00,8.289230055
2012-03-27 0:00,5.425492928
2012-03-30 0:00,5.410276825
2012-04-02 0:00,5.697880036
2012-04-05 0:00,3.550518724
2012-04-08 0:00,8.503677103
2012-04-11 0:00,5.135156525
2012-04-14 0:00,3.546136616
2012-04-17 0:00,3.246525628
2012-04-20 0:00,3.481319016
2012-04-23 0:00,6.311826911
2012-04-26 0:00,3.765200726
2012-04-29 0:00,5.205191526
2012-05-02 0:00,4.988026772
2012-05-05 0:00,5.3495709
2012-05-08 0:00,5.416776234
2012-05-11 0:00,2.721696026
2012-05-14 0:00,5.115536863
2012-05-17 0:00,3.67817313
2012-05-20 0:00,4.808925953
2012-05-23 0:00,2.881948006
2012-05-26 0:00,4.716057338
2012-05-29 0:00,3.401594165
2012-06-01 0:00,1.219814009
2012-06-04 0:00,3.601687153
2012-06-07 0:00,2.844682385
2012-06-10 0:00,5.633036777
2012-06-13 0:00,3.0753
2012-06-16 0:00,2.983137789
2012-06-19 0:00,4.213160438
2012-06-22 0:00,2.871333154
2012-06-25 0:00,4.129631172
2012-06-28 0:00,2.916587596
2012-07-01 0:00,6.909322836
2012-07-04 0:00,3.462641331
2012-07-07 0:00,5.300868021
2012-07-10 0:00,3.125460516
2012-07-13 0:00,2.540497627
2012-07-16 0:00,3.702633339
2012-07-19 0:00,3.886694469
2012-07-22 0:00,5.022185646
2012-07-25 0:00,3.965456622
2012-07-28 0:00,6.189265172
2012-07-31 0:00,2.195071109
2012-08-03 0:00,3.254394723
2012-08-06 0:00,3.954562834
2012-08-09 0:00,3.317616197
2012-08-12 0:00,8.750124701
2012-08-15 0:00,4.849196531
2012-08-18 0:00,2.746958957
2012-08-21 0:00,2.969748163
2012-08-24 0:00,3.607464749
2012-08-27 0:00,2.703955889
2012-08-30 0:00,3.469272958
2012-09-02 0:00,5.811030862
2012-09-05 0:00,4.234442371
2012-09-08 0:00,3.956687584
2012-09-11 0:00,2.630429966
2012-09-14 0:00,3.853088145
2012-09-17 0:00,3.90293822
2012-09-20 0:00,2.900123304
2012-09-23 0:00,5.916169789
2012-09-26 0:00,3.1580095
2012-09-29 0:00,3.780324414
2012-10-02 0:00,2.509044508
2012-10-05 0:00,2.767326236
2012-10-08 0:00,3.776521022
2012-10-11 0:00,3.268654851
2012-10-14 0:00,5.097437426
2012-10-17 0:00,3.205670566
2012-10-20 0:00,2.487935081
2012-10-23 0:00,2.514693236
2012-10-26 0:00,3.395131032
2012-10-29 0:00,5.096187255
2012-11-01 0:00,2.46878072
2012-11-04 0:00,7.785592674
2012-11-07 0:00,3.768477555
2012-11-10 0:00,6.891780502
2012-11-13 0:00,5.272020176
2012-11-16 0:00,2.006585641
2012-11-19 0:00,2.362858125
2012-11-22 0:00,3.877758384
2012-11-25 0:00,6.403311274
2012-11-28 0:00,3.546453115
2012-12-01 0:00,3.04170445
2012-12-04 0:00,1.283395422
2012-12-07 0:00,1.447848694
2012-12-10 0:00,1.744115978
2012-12-13 0:00,1.093672255
2012-12-16 0:00,2.738417004
2012-12-19 0:00,1.528082389
2012-12-22 0:00,2.359693132
2012-12-25 0:00,2.783568503
2012-12-28 0:00,2.546386828
2012-12-31 0:00,2.320016479
2013-01-03 0:00,2.554070279
2013-01-06 0:00,2.52118335
2013-01-09 0:00,1.302444121
2013-01-12 0:00,1.742407891
2013-01-15 0:00,1.352931132
2013-01-18 0:00,1.288581865
2013-01-21 0:00,1.922768546
2013-01-24 0:00,1.150804819
2013-01-27 0:00,2.415299709
2013-01-30 0:00,1.239905707
2013-02-02 0:00,1.250690656
2013-02-05 0:00,1.644628858
2013-02-08 0:00,1.679635065
2013-02-11 0:00,2.199390705
2013-02-14 0:00,1.592580722
2013-02-17 0:00,1.983219087
2013-02-20 0:00,1.499536052
2013-02-23 0:00,1.74637439
2013-02-26 0:00,1.439358397
2013-03-01 0:00,1.268995073
2013-03-04 0:00,2.286714124
2013-03-07 0:00,1.181351188
2013-03-10 0:00,3.123418285
2013-03-13 0:00,1.418485457
2013-03-16 0:00,2.770262944
2013-03-19 0:00,1.531142033
2013-03-22 0:00,1.865789539
2013-03-25 0:00,1.228889364
2013-03-28 0:00,1.527110003
2013-03-31 0:00,2.967013576
2013-04-03 0:00,1.168226883
2013-04-06 0:00,2.225221027
2013-04-09 0:00,1.238670434
2013-04-12 0:00,0.896491812
2013-04-15 0:00,1.788625008
2013-04-18 0:00,1.576854677
2013-04-21 0:00,2.878811519
2013-04-24 0:00,1.778483586
2013-04-27 0:00,1.816969879
2013-04-30 0:00,1.627793278
2013-05-03 0:00,0.998563361
2013-05-06 0:00,1.523543601
2013-05-09 0:00,2.507213714
2013-05-12 0:00,2.112733629
2013-05-15 0:00,1.295125268
2013-05-18 0:00,1.724264305
2013-05-21 0:00,2.528687327
2013-05-24 0:00,2.930585999
2013-05-27 0:00,4.786724399
2013-05-30 0:00,2.79777109
2013-06-02 0:00,4.517716738
2013-06-05 0:00,3.028762618
2013-06-08 0:00,3.053833209
2013-06-11 0:00,3.076289464
2013-06-14 0:00,2.256569763
2013-06-17 0:00,3.256974034
2013-06-20 0:00,2.496432029
2013-06-23 0:00,4.303846489
2013-06-26 0:00,3.021722946
2013-06-29 0:00,2.994287025
2013-07-02 0:00,1.525223307
2013-07-05 0:00,1.305174203
2013-07-08 0:00,2.469625478
2013-07-11 0:00,2.369103749
2013-07-14 0:00,2.405000488
2013-07-17 0:00,1.165258363
2013-07-20 0:00,3.491102409
2013-07-23 0:00,1.184079266
2013-07-26 0:00,2.196001902
2013-07-29 0:00,2.324016606
2013-08-01 0:00,1.955885272
2013-08-04 0:00,4.590231053
2013-08-07 0:00,3.003193619
2013-08-10 0:00,4.506597025
2013-08-13 0:00,1.86440442
2013-08-16 0:00,2.709183582
2013-08-19 0:00,2.470675768
2013-08-22 0:00,2.994073587
2013-08-25 0:00,3.367525709
2013-08-28 0:00,2.232465055
2013-08-31 0:00,3.334266472
2013-09-03 0:00,2.883428927
2013-09-06 0:00,3.638702101
2013-09-09 0:00,3.845599422
2013-09-12 0:00,3.516551118
2013-09-15 0:00,5.826292748
2013-09-18 0:00,2.530361811
2013-09-21 0:00,4.243757773
2013-09-24 0:00,2.350451837
2013-09-27 0:00,2.736691812
2013-09-30 0:00,2.906475359
2013-10-03 0:00,1.558018409
2013-10-06 0:00,5.359029947
2013-10-09 0:00,2.566212743
2013-10-12 0:00,3.71906536
2013-10-15 0:00,3.453826929
2013-10-18 0:00,2.815827321
2013-10-21 0:00,2.892714642
2013-10-24 0:00,2.10297064
2013-10-27 0:00,4.148845657
2013-10-30 0:00,2.962162526
2013-11-02 0:00,4.394663894
2013-11-05 0:00,1.211366892
2013-11-08 0:00,1.058833277
2013-11-11 0:00,2.766934149
2013-11-14 0:00,1.522986679
2013-11-17 0:00,2.817139346
2013-11-20 0:00,1.284071002
2013-11-23 0:00,2.093255395
2013-11-26 0:00,1.451135301
2013-11-29 0:00,1.311314594
2013-12-02 0:00,1.937169498
2013-12-05 0:00,1.670108565
2013-12-08 0:00,2.349250399
2013-12-11 0:00,1.644265171
2013-12-14 0:00,4.367490289
2013-12-17 0:00,1.969618538
2013-12-20 0:00,2.521016718
2013-12-23 0:00,2.996282743
2013-12-26 0:00,4.911261374
2013-12-29 0:00,6.044121744
2014-01-01 0:00,6.62360866
2014-01-04 0:00,2.662682398
2014-01-07 0:00,4.027941831
2014-01-10 0:00,6.465816325
2014-01-13 0:00,5.604618032
2014-01-16 0:00,5.009220586
2014-01-19 0:00,7.605947691
2014-01-22 0:00,5.617970621
2014-01-25 0:00,4.90020306
2014-01-28 0:00,3.045890958
2014-01-31 0:00,7.087170757
2014-02-03 0:00,8.315326215
2014-02-06 0:00,1.980325617
2014-02-09 0:00,4.462111166
2014-02-12 0:00,4.1624635
2014-02-15 0:00,6.116467356
2014-02-18 0:00,3.569702316
2014-02-21 0:00,3.809193995
2014-02-24 0:00,2.742724512
2014-02-27 0:00,3.069844158
2014-03-02 0:00,5.271460801
2014-03-05 0:00,3.178956179
2014-03-08 0:00,0.943737645
2014-03-11 0:00,1.255608678
2014-03-14 0:00,1.57729079
2014-03-17 0:00,5.843144209
2014-03-20 0:00,3.015311074
2014-03-23 0:00,13.1099025
2014-03-26 0:00,4.944587798
2014-03-29 0:00,5.808836139
2014-04-01 0:00,3.643875529
2014-04-04 0:00,3.862383448
2014-04-07 0:00,4.459764148
2014-04-10 0:00,1.968807471
2014-04-13 0:00,9.658414009
2014-04-16 0:00,2.220014412
2014-04-19 0:00,7.25546265
2014-04-22 0:00,4.616264609
2014-04-25 0:00,3.299142359
2014-04-28 0:00,3.979906877
2014-05-01 0:00,5.579417648
2014-05-04 0:00,7.363119031
2014-05-07 0:00,3.789885006
2014-05-10 0:00,7.689808944
2014-05-13 0:00,5.078490472
2014-05-16 0:00,5.94160045
2014-05-19 0:00,6.295913353
2014-05-22 0:00,3.986431078
2014-05-25 0:00,3.440851989
2014-05-28 0:00,3.112827617
2014-05-31 0:00,4.293112098
2014-06-03 0:00,3.777396194
2014-06-06 0:00,3.637839226
2014-06-09 0:00,6.383123
2014-06-12 0:00,2.654805316
2014-06-15 0:00,8.216718861
2014-06-18 0:00,5.016997729
2014-06-21 0:00,8.20158122
2014-06-24 0:00,2.224799248
2014-06-27 0:00,6.811874268
2014-06-30 0:00,3.639936709
2014-07-03 0:00,3.820914253
2014-07-06 0:00,8.389382851
2014-07-09 0:00,4.461437066
2014-07-12 0:00,7.70552667
2014-07-15 0:00,5.151499369
2014-07-18 0:00,4.952212646
2014-07-21 0:00,4.598159055
2014-07-24 0:00,3.568241243
2014-07-27 0:00,7.621622015
2014-07-30 0:00,5.726952534
2014-08-02 0:00,5.781609056
2014-08-05 0:00,2.429971259
2014-08-08 0:00,5.235428371
2014-08-11 0:00,6.118323861
2014-08-14 0:00,3.093330012
2014-08-17 0:00,5.048664379
2014-08-20 0:00,3.87004162
2014-08-23 0:00,5.491822871
2014-08-26 0:00,4.371608521
2014-08-29 0:00,5.67570071
2014-09-01 0:00,4.306939455
2014-09-04 0:00,4.727947764
2014-09-07 0:00,6.482018981
2014-09-10 0:00,3.174179671
2014-09-13 0:00,6.393263593
2014-09-16 0:00,4.517045623
2014-09-19 0:00,2.089910688
2014-09-22 0:00,4.615993533
2014-09-25 0:00,3.686992641
2014-09-28 0:00,3.751081475
2014-10-01 0:00,2.476036938
2014-10-04 0:00,2.018901364
2014-10-07 0:00,2.39150858
2014-10-10 0:00,2.160823265
2014-10-13 0:00,2.36811215
2014-10-16 0:00,2.905530005
2014-10-19 0:00,4.017721563
2014-10-22 0:00,2.234460907
2014-10-25 0:00,3.033959748
2014-10-28 0:00,3.224950506
2014-10-31 0:00,3.35681302
2014-11-03 0:00,3.080885174
2014-11-06 0:00,2.459924266
2014-11-09 0:00,3.469257912
2014-11-12 0:00,1.61151342
2014-11-15 0:00,2.281480353
2014-11-18 0:00,1.630617773
2014-11-21 0:00,1.932560318
2014-11-24 0:00,2.963961684
2014-11-27 0:00,2.523255496
2014-11-30 0:00,3.753894182
2014-12-03 0:00,1.455313193
2014-12-06 0:00,1.832627246
2014-12-09 0:00,1.080737742
2014-12-12 0:00,2.58090038
2014-12-15 0:00,2.713773349
2014-12-18 0:00,1.291641247
2014-12-21 0:00,3.297002222
2014-12-24 0:00,1.754454237
2014-12-27 0:00,2.959150321
2014-12-30 0:00,2.283390626
2015-01-02 0:00,4.47731193
2015-01-05 0:00,1.863192402
2015-01-08 0:00,1.820914552
2015-01-11 0:00,2.526033374
2015-01-14 0:00,0.843221827
2015-01-17 0:00,1.808505787
2015-01-20 0:00,1.625530341
2015-01-23 0:00,1.657734924
2015-01-26 0:00,0.897834927
2015-01-29 0:00,1.815436404
2015-02-01 0:00,2.638345501
2015-02-04 0:00,2.020026637
2015-02-07 0:00,2.629561706
2015-02-10 0:00,1.887013811
2015-02-13 0:00,1.483464679
2015-02-16 0:00,2.274706647
2015-02-19 0:00,2.31521264
2015-02-22 0:00,3.567153534
2015-02-25 0:00,2.173553681
2015-02-28 0:00,2.682351342
2015-03-03 0:00,1.632948574
2015-03-06 0:00,1.830049346
2015-03-09 0:00,1.98391714
2015-03-12 0:00,1.642668484
2015-03-15 0:00,4.168086891
2015-03-18 0:00,1.560973819
2015-03-21 0:00,2.637325
2015-03-24 0:00,1.905621093
2015-03-27 0:00,1.897420611
2015-03-30 0:00,2.067301326
2015-04-02 0:00,1.740141118
2015-04-05 0:00,4.415669887
2015-04-08 0:00,1.431998487
2015-04-11 0:00,1.887554229
2015-04-14 0:00,1.520721485
2015-04-17 0:00,1.846996139
2015-04-20 0:00,2.261570268
2015-04-23 0:00,2.028443798
2015-04-26 0:00,2.30235826
2015-04-29 0:00,1.733319077
2015-05-02 0:00,2.67040441
2015-05-05 0:00,2.284544199
2015-05-08 0:00,1.893370732
2015-05-11 0:00,2.118318009
2015-05-14 0:00,1.884142396
2015-05-17 0:00,4.142730209
2015-05-20 0:00,1.863463725
2015-05-23 0:00,1.585510026
2015-05-26 0:00,1.952385002
2015-05-29 0:00,1.836610964
2015-06-01 0:00,1.427505041
2015-06-04 0:00,1.722481125
2015-06-07 0:00,2.791627829
2015-06-10 0:00,1.749877409
2015-06-13 0:00,2.214109255
2015-06-16 0:00,0.919767047
2015-06-19 0:00,0.959467636
2015-06-22 0:00,2.055403799
2015-06-25 0:00,2.019692458
2015-06-28 0:00,2.54908273
2015-07-01 0:00,1.525493801
2015-07-04 0:00,2.2912552
2015-07-07 0:00,1.180865007
2015-07-10 0:00,1.069768498
2015-07-13 0:00,1.576776108
2015-07-16 0:00,1.297092813
2015-07-19 0:00,3.067895289
2015-07-22 0:00,1.997222139
2015-07-25 0:00,1.981046447
2015-07-28 0:00,1.193768815
2015-07-31 0:00,1.678608367
2015-08-03 0:00,1.890890606
2015-08-06 0:00,1.836398902
2015-08-09 0:00,1.110850301
2015-08-12 0:00,1.218615096
2015-08-15 0:00,1.313182067
2015-08-18 0:00,1.022717039
2015-08-21 0:00,1.190110196
2015-08-24 0:00,0.904918226
2015-08-27 0:00,1.504207823
2015-08-30 0:00,2.050372801
2015-09-02 0:00,1.71421046
2015-09-05 0:00,1.932845257
2015-09-08 0:00,1.307451673
2015-09-11 0:00,1.68572345
2015-09-14 0:00,1.744209807
2015-09-17 0:00,1.286046271
2015-09-20 0:00,1.471942101
2015-09-23 0:00,1.355576302
2015-09-26 0:00,2.076250328
2015-09-29 0:00,1.398130096
2015-10-02 0:00,0.8334486
2015-10-05 0:00,1.631349629
2015-10-08 0:00,0.819364574
2015-10-11 0:00,2.336289684
2015-10-14 0:00,1.155786987
2015-10-17 0:00,0.942095302
2015-10-20 0:00,1.016535671
2015-10-23 0:00,1.300484515
2015-10-26 0:00,1.228917788
2015-10-29 0:00,0.777191553
2015-11-01 0:00,1.044283606
2015-11-04 0:00,0.510938719
2015-11-07 0:00,0.992141175
2015-11-10 0:00,0.814137377
2015-11-13 0:00,0.967701168
2015-11-16 0:00,1.048872311
2015-11-19 0:00,0.946899839
2015-11-22 0:00,1.87528228
2015-11-25 0:00,1.180688657
2015-11-28 0:00,1.178125459
2015-12-01 0:00,1.056374992
2015-12-04 0:00,1.056493082
2015-12-07 0:00,0.880185884
2015-12-10 0:00,1.090240559
2015-12-13 0:00,0.987807877
2015-12-16 0:00,0.97995942
2015-12-19 0:00,1.056148745
2015-12-22 0:00,0.758303953
2015-12-25 0:00,1.174640806
2015-12-28 0:00,1.62552486
2015-12-31 0:00,2.058154488
2016-01-03 0:00,3.096218029
2016-01-06 0:00,1.594251549
2016-01-09 0:00,2.561245886
2016-01-12 0:00,1.999418614
2016-01-15 0:00,0.954809184
2016-01-18 0:00,2.29852086
2016-01-21 0:00,1.023546019
2016-01-24 0:00,2.117654891
2016-01-27 0:00,1.141461547
2016-01-30 0:00,1.146852868
2016-02-02 0:00,1.073856494
2016-02-05 0:00,1.127098799
2016-02-08 0:00,1.637128065
2016-02-11 0:00,1.350561157
2016-02-14 0:00,1.739304468
2016-02-17 0:00,0.865280549
2016-02-20 0:00,1.155075213
2016-02-23 0:00,0.908054545
2016-02-26 0:00,1.126560434
2016-02-29 0:00,0.660143039
2016-03-03 0:00,0.661068514
2016-03-06 0:00,1.059714788
2016-03-09 0:00,1.50794119
2016-03-12 0:00,1.583522618
2016-03-15 0:00,1.354119279
2016-03-18 0:00,1.173863228
2016-03-21 0:00,1.36791337
2016-03-24 0:00,1.139163637
2016-03-27 0:00,1.42765829
2016-03-30 0:00,1.060806514
2016-04-02 0:00,1.644946279
2016-04-05 0:00,1.137935155
2016-04-08 0:00,1.218941991
2016-04-11 0:00,1.445392493
2016-04-14 0:00,1.519354558
2016-04-17 0:00,2.067441779
2016-04-20 0:00,1.332376331
2016-04-23 0:00,1.633255133
2016-04-26 0:00,1.129962172
2016-04-29 0:00,0.911930844
2016-05-02 0:00,1.230188771
2016-05-05 0:00,1.370043998
2016-05-08 0:00,2.596041062
2016-05-11 0:00,1.066672533
2016-05-14 0:00,1.605594367
2016-05-17 0:00,1.12435872
2016-05-20 0:00,1.073243726
2016-05-23 0:00,1.592694613
2016-05-26 0:00,0.944828566
2016-05-29 0:00,0.920267645
2016-06-01 0:00,1.016267726
2016-06-04 0:00,1.291088655
2016-06-07 0:00,1.044423085
2016-06-10 0:00,0.954288737
2016-06-13 0:00,1.475975926
2016-06-16 0:00,0.673816569
2016-06-19 0:00,2.225831715
2016-06-22 0:00,0.677237288
2016-06-25 0:00,1.801762084
2016-06-28 0:00,1.199296069
2016-07-01 0:00,1.372456452
2016-07-04 0:00,1.589214856
2016-07-07 0:00,1.056741863
2016-07-10 0:00,1.2567589
2016-07-13 0:00,0.587796483
2016-07-16 0:00,1.028400129
2016-07-19 0:00,0.472402503
2016-07-22 0:00,0.670228112
2016-07-25 0:00,0.826729036
2016-07-28 0:00,0.691310938
2016-07-31 0:00,0.853266753
2016-08-03 0:00,0.598517371
2016-08-06 0:00,1.080601983
2016-08-09 0:00,0.649838874
2016-08-12 0:00,0.746223021
2016-08-15 0:00,0.887322738
2016-08-18 0:00,0.808525763
2016-08-21 0:00,1.52995563
2016-08-24 0:00,0.730320223
2016-08-27 0:00,1.09494226
2016-08-30 0:00,0.80585847
2016-09-02 0:00,0.852671202
2016-09-05 0:00,0.697227447
2016-09-08 0:00,0.759002744
2016-09-11 0:00,1.281002885
2016-09-14 0:00,0.91856959
2016-09-17 0:00,1.373376556
2016-09-20 0:00,0.814265758
2016-09-23 0:00,0.737826004
2016-09-26 0:00,0.792072235
2016-09-29 0:00,0.729428858
2016-10-02 0:00,1.122814673
2016-10-05 0:00,0.888038421
2016-10-08 0:00,1.020288048
2016-10-11 0:00,0.597834065
2016-10-14 0:00,0.742878156
2016-10-17 0:00,0.641752418
2016-10-20 0:00,0.606952322
2016-10-23 0:00,1.177350457
2016-10-26 0:00,0.710073274
2016-10-29 0:00,0.82818106
2016-11-01 0:00,0.653078269
2016-11-04 0:00,0.547378246
2016-11-07 0:00,0.707789162
2016-11-10 0:00,0.831528281
2016-11-13 0:00,1.04400936
2016-11-16 0:00,0.609614386
2016-11-19 0:00,0.916733718
2016-11-22 0:00,0.595423994
2016-11-25 0:00,0.773872455
2016-11-28 0:00,0.795394899
2016-12-01 0:00,0.74317709
2016-12-04 0:00,1.477837244
2016-12-07 0:00,0.778541979
2016-12-10 0:00,0.898634741
2016-12-13 0:00,0.904124408
2016-12-16 0:00,0.57277155
2016-12-19 0:00,0.714653023
2016-12-22 0:00,0.544028224
2016-12-25 0:00,0.924506428
2016-12-28 0:00,0.644591084
2016-12-31 0:00,0.89662036
2017-01-03 0:00,0.656891695
2017-01-06 0:00,0.442388466
2017-01-09 0:00,0.605686335
2017-01-12 0:00,0.574768205
2017-01-15 0:00,1.11974647
2017-01-18 0:00,0.675432853
2017-01-21 0:00,1.057044497
2017-01-24 0:00,0.761360123
2017-01-27 0:00,1.188074088
2017-01-30 0:00,1.218475168
2017-02-02 0:00,1.019017638
2017-02-05 0:00,1.135630066
2017-02-08 0:00,0.773743114
2017-02-11 0:00,1.143913375
2017-02-14 0:00,0.99198943
2017-02-17 0:00,0.791229783
2017-02-20 0:00,1.130829941
2017-02-23 0:00,0.749112553
2017-02-26 0:00,1.412611889
2017-03-01 0:00,0.865773229
2017-03-04 0:00,0.931723488
2017-03-07 0:00,0.81026649
2017-03-10 0:00,0.803847837
2017-03-13 0:00,0.822339362
2017-03-16 0:00,0.514312538
2017-03-19 0:00,0.931147935
2017-03-22 0:00,0.615497923
2017-03-25 0:00,0.556281469
2017-03-28 0:00,0.530614189
2017-03-31 0:00,0.449457359
2017-04-03 0:00,0.783403253
2017-04-06 0:00,0.66228035
2017-04-09 0:00,1.183878421
2017-04-12 0:00,0.753654946
2017-04-15 0:00,0.902678557
2017-04-18 0:00,0.722743203
2017-04-21 0:00,0.899135666
2017-04-24 0:00,0.796504848
2017-04-27 0:00,0.698469764
2017-04-30 0:00,1.044855505
2017-05-03 0:00,0.597603292
2017-05-06 0:00,0.789491583
2017-05-09 0:00,0.506500954
2017-05-12 0:00,0.65336519
2017-05-15 0:00,0.611154504
2017-05-18 0:00,0.607714253
2017-05-21 0:00,0.821703202
2017-05-24 0:00,0.532235249
2017-05-27 0:00,0.819121572
2017-05-30 0:00,0.707056037
2017-06-02 0:00,0.772890482
2017-06-05 0:00,0.855579798
2017-06-08 0:00,0.88009778
2017-06-11 0:00,0.982845172
2017-06-14 0:00,0.71619011
2017-06-17 0:00,1.056208028
2017-06-20 0:00,0.817299665
2017-06-23 0:00,1.141407376
2017-06-26 0:00,0.753957181
2017-06-29 0:00,0.76820092
2017-07-02 0:00,1.350997612
2017-07-05 0:00,0.748665
2017-07-08 0:00,1.034158388
2017-07-11 0:00,0.862207489
2017-07-14 0:00,0.879384348
2017-07-17 0:00,0.781830107
2017-07-20 0:00,0.864964818
2017-07-23 0:00,1.462792508
2017-07-26 0:00,0.739810555
2017-07-29 0:00,0.621242025
2017-08-01 0:00,0.383728235
2017-08-04 0:00,0.564682691
2017-08-07 0:00,0.500256581
2017-08-10 0:00,0.664233751
2017-08-13 0:00,0.908302837
2017-08-16 0:00,0.875495074
2017-08-19 0:00,0.68695355
2017-08-22 0:00,0.669969225
2017-08-25 0:00,0.962684412
2017-08-28 0:00,0.9449676
2017-08-31 0:00,0.976070828
2017-09-03 0:00,1.263841338
2017-09-06 0:00,0.791752838
2017-09-09 0:00,1.269136382
2017-09-12 0:00,1.16312181
2017-09-15 0:00,0.568098221
2017-09-18 0:00,0.857054787
2017-09-21 0:00,1.240744728
2017-09-24 0:00,1.952551099
2017-09-27 0:00,1.153254129
2017-09-30 0:00,1.193926776
2017-10-03 0:00,1.515146745
2017-10-06 0:00,1.299924206
2017-10-09 0:00,0.923253274
2017-10-12 0:00,1.003620582
2017-10-15 0:00,1.690595435
2017-10-18 0:00,0.82632592
2017-10-21 0:00,1.347463365
2017-10-24 0:00,0.598870701
2017-10-27 0:00,0.888882546
2017-10-30 0:00,0.762970152
2017-11-02 0:00,0.635856477
2017-11-05 0:00,1.104054664
2017-11-08 0:00,0.826903575
2017-11-11 0:00,0.623462458
2017-11-14 0:00,0.801734603
2017-11-17 0:00,0.691264843
2017-11-20 0:00,0.867693019
2017-11-23 0:00,0.739516767
2017-11-26 0:00,0.862340506
2017-11-29 0:00,0.611135289
2017-12-02 0:00,1.228391301
2017-12-05 0:00,1.088478029
2017-12-08 0:00,0.864337272
2017-12-11 0:00,1.0285611
2017-12-14 0:00,1.374665231
2017-12-17 0:00,1.084525664
2017-12-20 0:00,0.812362941
2017-12-23 0:00,1.746479384
2017-12-26 0:00,1.261030381
2017-12-29 0:00,1.132235402
2018-01-01 0:00,1.309244002
2018-01-04 0:00,1.079246048
2018-01-07 0:00,0.921736984
2018-01-10 0:00,1.075517804
2018-01-13 0:00,1.326114132
2018-01-16 0:00,0.959737423
2018-01-19 0:00,1.16537472
2018-01-22 0:00,1.206449778
2018-01-25 0:00,1.159854506
2018-01-28 0:00,1.302241849
2018-01-31 0:00,1.016284084
2018-02-03 0:00,1.290914289
2018-02-06 0:00,0.800015119
2018-02-09 0:00,0.890278763
2018-02-12 0:00,1.184872015
2018-02-15 0:00,1.317212648
2018-02-18 0:00,2.598018015
2018-02-21 0:00,1.480258985
2018-02-24 0:00,1.137818222
2018-02-27 0:00,1.472076233
2018-03-02 0:00,1.671953658
2018-03-05 0:00,1.397584303
2018-03-08 0:00,1.440111871
2018-03-11 0:00,1.873820678
2018-03-14 0:00,1.225730744
2018-03-17 0:00,2.141090596
2018-03-20 0:00,1.403139435
2018-03-23 0:00,1.526323092
2018-03-26 0:00,1.537325167
2018-03-29 0:00,1.317995208
2018-04-01 0:00,2.372236095
2018-04-04 0:00,1.685786158
2018-04-07 0:00,2.412262085
2018-04-10 0:00,1.72807126
2018-04-13 0:00,1.454430207
2018-04-16 0:00,1.652775635
2018-04-19 0:00,1.34378112
2018-04-22 0:00,2.697555497
2018-04-25 0:00,0.893606056
2018-04-28 0:00,0.918672015
2018-05-01 0:00,2.129644371
2018-05-04 0:00,1.214006358
2018-05-07 0:00,1.381947637
2018-05-10 0:00,1.341469477
2018-05-13 0:00,2.573566801
2018-05-16 0:00,1.398516966
2018-05-19 0:00,2.824821783
2018-05-22 0:00,1.748923454
2018-05-25 0:00,2.105659471
2018-05-28 0:00,1.392268646
2018-05-31 0:00,1.942561741
2018-06-03 0:00,3.253113238
2018-06-06 0:00,1.820006404
2018-06-09 0:00,2.700062482
2018-06-12 0:00,1.464128625
2018-06-15 0:00,1.609003111
2018-06-18 0:00,2.017243278
2018-06-21 0:00,2.057220048
2018-06-24 0:00,2.294493404
2018-06-27 0:00,1.191532305
2018-06-30 0:00,2.15627987
2018-07-03 0:00,1.123601762
2018-07-06 0:00,1.645486617
2018-07-09 0:00,1.800801861
2018-07-12 0:00,1.663848513
2018-07-15 0:00,2.991630869
2018-07-18 0:00,1.530432455
2018-07-21 0:00,2.413089182
2018-07-24 0:00,1.410107831
2018-07-27 0:00,1.916446421
2018-07-30 0:00,1.593963371
2018-08-02 0:00,1.421315053
2018-08-05 0:00,3.77762846
2018-08-08 0:00,1.62807999
2018-08-11 0:00,2.613642276
2018-08-14 0:00,0.987919803
2018-08-17 0:00,1.588065853
2018-08-20 0:00,1.96571836
2018-08-23 0:00,1.368797787
2018-08-26 0:00,3.852226379
2018-08-29 0:00,1.426816941
2018-09-01 0:00,2.54807983
2018-09-04 0:00,1.382894274
2018-09-07 0:00,1.683672104
2018-09-10 0:00,1.519531538
2018-09-13 0:00,0.965424129
2018-09-16 0:00,4.017942988
2018-09-19 0:00,1.851887708
2018-09-22 0:00,2.854725255
2018-09-25 0:00,1.624220673
2018-09-28 0:00,1.428381105
2018-10-01 0:00,1.915185518
2018-10-04 0:00,1.870347586
2018-10-07 0:00,4.760787576
2018-10-10 0:00,1.573168007
2018-10-13 0:00,3.016243125
2018-10-16 0:00,1.246102261
2018-10-19 0:00,1.385621115
2018-10-22 0:00,1.715741542
2018-10-25 0:00,1.361558342
2018-10-28 0:00,2.465642926
2018-10-31 0:00,1.604177546
2018-11-03 0:00,3.50781981
2018-11-06 0:00,1.384611934
2018-11-09 0:00,1.226529812
2018-11-12 0:00,1.522725952
2018-11-15 0:00,0.335555222
2018-11-18 0:00,2.431850931
2018-11-21 0:00,0.59977592
2018-11-24 0:00,1.889935236
2018-11-27 0:00,0.730798569
2018-11-30 0:00,0.328777024
2018-12-03 0:00,0.455677464
2018-12-06 0:00,0.445033218
2018-12-09 0:00,2.002619333
2018-12-12 0:00,0.942432149
2018-12-15 0:00,2.054972941
2018-12-18 0:00,0.793182684
2018-12-21 0:00,0.876210383
2018-12-24 0:00,1.173067856
2018-12-27 0:00,1.430455985
2018-12-30 0:00,3.142841105
2019-01-02 0:00,1.507668079
2019-01-05 0:00,2.479267753
2019-01-08 0:00,1.459310422
2019-01-11 0:00,0.629056732
2019-01-14 0:00,1.153554147
2019-01-17 0:00,1.161547817
2019-01-20 0:00,2.977423449
2019-01-23 0:00,1.243741545
2019-01-26 0:00,2.393851575
2019-01-29 0:00,1.271723163
2019-02-01 0:00,1.121708742
2019-02-04 0:00,1.794113938
2019-02-07 0:00,1.550443624
2019-02-10 0:00,2.332057147
2019-02-13 0:00,1.026886869
2019-02-16 0:00,1.87651109
2019-02-19 0:00,1.078497266
2019-02-22 0:00,1.362083221
2019-02-25 0:00,0.877766521
2019-02-28 0:00,0.776855762
2019-03-03 0:00,2.694360475
2019-03-06 0:00,1.049026333
2019-03-09 0:00,2.022022175
2019-03-12 0:00,1.11083021
2019-03-15 0:00,1.388200579
2019-03-18 0:00,1.3570396
2019-03-21 0:00,1.136046657
2019-03-24 0:00,2.599718927
2019-03-27 0:00,1.224835819
2019-03-30 0:00,2.087745727
2019-04-02 0:00,0.692597864
2019-04-05 0:00,1.161790012
2019-04-08 0:00,1.059019889
2019-04-11 0:00,1.016056876
2019-04-14 0:00,1.457103515
2019-04-17 0:00,1.085184457
2019-04-20 0:00,2.451544371
2019-04-23 0:00,1.040467819
2019-04-26 0:00,0.851368703
2019-04-29 0:00,1.259052657
2019-05-02 0:00,1.713977645
2019-05-05 0:00,2.145217059
2019-05-08 0:00,1.152068391
2019-05-11 0:00,1.326218242
2019-05-14 0:00,0.973808005
2019-05-17 0:00,1.1874892
2019-05-20 0:00,1.542493204
2019-05-23 0:00,1.390336748
2019-05-26 0:00,2.078574604
2019-05-29 0:00,0.751241233
2019-06-01 0:00,1.841621665
2019-06-04 0:00,0.77001278
2019-06-07 0:00,1.52912537
