2010-08-17 0:00,48276
2010-08-20 0:00,21143
2010-08-23 0:00,11325
2010-08-26 0:00,18406
2010-08-29 0:00,10183
2010-09-01 0:00,10608
2010-09-04 0:00,31088
2010-09-07 0:00,21773
2010-09-10 0:00,10471
2010-09-13 0:00,22765
2010-09-16 0:00,20542
2010-09-19 0:00,47333
2010-09-22 0:00,29221
2010-09-25 0:00,17081
2010-09-28 0:00,36393
2010-10-01 0:00,37900
2010-10-04 0:00,52756
2010-10-07 0:00,113361
2010-10-10 0:00,100796
2010-10-13 0:00,20565
2010-10-16 0:00,88694
2010-10-19 0:00,26563
2010-10-22 0:00,21545
2010-10-25 0:00,28663
2010-10-28 0:00,34660
2010-10-31 0:00,37864
2010-11-03 0:00,24894
2010-11-06 0:00,97886
2010-11-09 0:00,76779
2010-11-12 0:00,12168
2010-11-15 0:00,34712
2010-11-18 0:00,19312
2010-11-21 0:00,40694
2010-11-24 0:00,28430
2010-11-27 0:00,14023
2010-11-30 0:00,37503
2010-12-03 0:00,22943
2010-12-06 0:00,68458
2010-12-09 0:00,21406
2010-12-12 0:00,11573
2010-12-15 0:00,28533
2010-12-18 0:00,27822
2010-12-21 0:00,25471
2010-12-24 0:00,8306
2010-12-27 0:00,36631
2010-12-30 0:00,24101
2011-01-02 0:00,16549
2011-01-05 0:00,15872
2011-01-08 0:00,28540
2011-01-11 0:00,33205
2011-01-14 0:00,46542
2011-01-17 0:00,53120
2011-01-20 0:00,39116
2011-01-23 0:00,41308
2011-01-26 0:00,19656
2011-01-29 0:00,20243
2011-02-01 0:00,65952
2011-02-04 0:00,26818
2011-02-07 0:00,117154
2011-02-10 0:00,65974
2011-02-13 0:00,20222
2011-02-16 0:00,29042
2011-02-19 0:00,39425
2011-02-22 0:00,31476
2011-02-25 0:00,31889
2011-02-28 0:00,25477
2011-03-03 0:00,95765
2011-03-06 0:00,44242
2011-03-09 0:00,101936
2011-03-12 0:00,65700
2011-03-15 0:00,81372
2011-03-18 0:00,68006
2011-03-21 0:00,56973
2011-03-24 0:00,109095
2011-03-27 0:00,64329
2011-03-30 0:00,54561
2011-04-02 0:00,33123
2011-04-05 0:00,64725
2011-04-08 0:00,49910
2011-04-11 0:00,46477
2011-04-14 0:00,48707
2011-04-17 0:00,719605
2011-04-20 0:00,674834
2011-04-23 0:00,82849
2011-04-26 0:00,63927
2011-04-29 0:00,203720
2011-05-02 0:00,61723
2011-05-05 0:00,76387
2011-05-08 0:00,79448
2011-05-11 0:00,114243
2011-05-14 0:00,656162
2011-05-17 0:00,138205
2011-05-20 0:00,61492
2011-05-23 0:00,88140
2011-05-26 0:00,88823
2011-05-29 0:00,61952
2011-06-01 0:00,62936
2011-06-04 0:00,87414
2011-06-07 0:00,71549
2011-06-10 0:00,109826
2011-06-13 0:00,154170
2011-06-16 0:00,132251
2011-06-19 0:00,112599
2011-06-22 0:00,122507
2011-06-25 0:00,110463
2011-06-28 0:00,150062
2011-07-01 0:00,101842
2011-07-04 0:00,60738
2011-07-07 0:00,64076
2011-07-10 0:00,51957
2011-07-13 0:00,55376
2011-07-16 0:00,43349
2011-07-19 0:00,78884
2011-07-22 0:00,57368
2011-07-25 0:00,69025
2011-07-28 0:00,92723
2011-07-31 0:00,53514
2011-08-03 0:00,94777
2011-08-06 0:00,68224
2011-08-09 0:00,69302
2011-08-12 0:00,55909
2011-08-15 0:00,66808
2011-08-18 0:00,87101
2011-08-21 0:00,40907
2011-08-24 0:00,65331
2011-08-27 0:00,1130325
2011-08-30 0:00,49082
2011-09-02 0:00,56115
2011-09-05 0:00,80592
2011-09-08 0:00,62044
2011-09-11 0:00,763603
2011-09-14 0:00,78213
2011-09-17 0:00,68373
2011-09-20 0:00,81908
2011-09-23 0:00,56265
2011-09-26 0:00,65547
2011-09-29 0:00,50305
2011-10-02 0:00,54094
2011-10-05 0:00,79500
2011-10-08 0:00,104100
2011-10-11 0:00,78723
2011-10-14 0:00,76909
2011-10-17 0:00,117624
2011-10-20 0:00,124854
2011-10-23 0:00,105599
2011-10-26 0:00,121547
2011-10-29 0:00,188686
2011-11-01 0:00,126458
2011-11-04 0:00,103368
2011-11-07 0:00,65214
2011-11-10 0:00,124976
2011-11-13 0:00,78550
2011-11-16 0:00,1404997
2011-11-19 0:00,2397237
2011-11-22 0:00,1667159
2011-11-25 0:00,177547
2011-11-28 0:00,2650759
2011-12-01 0:00,2459820
2011-12-04 0:00,3204551
2011-12-07 0:00,5313161
2011-12-10 0:00,324851
2011-12-13 0:00,162446
2011-12-16 0:00,161418
2011-12-19 0:00,132682
2011-12-22 0:00,105090
2011-12-25 0:00,66063
2011-12-28 0:00,93300
2011-12-31 0:00,83180
2012-01-03 0:00,84487
2012-01-06 0:00,173644
2012-01-09 0:00,150094
2012-01-12 0:00,79120
2012-01-15 0:00,79372
2012-01-18 0:00,153419
2012-01-21 0:00,92748
2012-01-24 0:00,96848
2012-01-27 0:00,141718
2012-01-30 0:00,82758
2012-02-02 0:00,139333
2012-02-05 0:00,110844
2012-02-08 0:00,102272
2012-02-11 0:00,103158
2012-02-14 0:00,381705
2012-02-17 0:00,188725
2012-02-20 0:00,105324
2012-02-23 0:00,125333
2012-02-26 0:00,89343
2012-02-29 0:00,104815
2012-03-03 0:00,158572
2012-03-06 0:00,116310
2012-03-09 0:00,107066
2012-03-12 0:00,108891
2012-03-15 0:00,156955
2012-03-18 0:00,90067
2012-03-21 0:00,146266
2012-03-24 0:00,103797
2012-03-27 0:00,136448
2012-03-30 0:00,138699
2012-04-02 0:00,111515
2012-04-05 0:00,167750
2012-04-08 0:00,85880
2012-04-11 0:00,139353
2012-04-14 0:00,187669
2012-04-17 0:00,218911
2012-04-20 0:00,222789
2012-04-23 0:00,117304
2012-04-26 0:00,204850
2012-04-29 0:00,159552
2012-05-02 0:00,154490
2012-05-05 0:00,145974
2012-05-08 0:00,171910
2012-05-11 0:00,226329
2012-05-14 0:00,140318
2012-05-17 0:00,160678
2012-05-20 0:00,148100
2012-05-23 0:00,210483
2012-05-26 0:00,143467
2012-05-29 0:00,200435
2012-06-01 0:00,620177
2012-06-04 0:00,210401
2012-06-07 0:00,222169
2012-06-10 0:00,151322
2012-06-13 0:00,264527
2012-06-16 0:00,269180
2012-06-19 0:00,216607
2012-06-22 0:00,246541
2012-06-25 0:00,185586
2012-06-28 0:00,231983
2012-07-01 0:00,100010
2012-07-04 0:00,229940
2012-07-07 0:00,161200
2012-07-10 0:00,242268
2012-07-13 0:00,317339
2012-07-16 0:00,200425
2012-07-19 0:00,184476
2012-07-22 0:00,138685
2012-07-25 0:00,194555
2012-07-28 0:00,137658
2012-07-31 0:00,303817
2012-08-03 0:00,266317
2012-08-06 0:00,178831
2012-08-09 0:00,240172
2012-08-12 0:00,96764
2012-08-15 0:00,176895
2012-08-18 0:00,270117
2012-08-21 0:00,305514
2012-08-24 0:00,216717
2012-08-27 0:00,276595
2012-08-30 0:00,228492
2012-09-02 0:00,132180
2012-09-05 0:00,213133
2012-09-08 0:00,177497
2012-09-11 0:00,301434
2012-09-14 0:00,210766
2012-09-17 0:00,225830
2012-09-20 0:00,254127
2012-09-23 0:00,126180
2012-09-26 0:00,226978
2012-09-29 0:00,222573
2012-10-02 0:00,272016
2012-10-05 0:00,246700
2012-10-08 0:00,220547
2012-10-11 0:00,211861
2012-10-14 0:00,135676
2012-10-17 0:00,221982
2012-10-20 0:00,277982
2012-10-23 0:00,273353
2012-10-26 0:00,237576
2012-10-29 0:00,155312
2012-11-01 0:00,274305
2012-11-04 0:00,102985
2012-11-07 0:00,209076
2012-11-10 0:00,116385
2012-11-13 0:00,129324
2012-11-16 0:00,352938
2012-11-19 0:00,261421
2012-11-22 0:00,190136
2012-11-25 0:00,110521
2012-11-28 0:00,224703
2012-12-01 0:00,132459
2012-12-04 0:00,218093
2012-12-07 0:00,215837
2012-12-10 0:00,205376
2012-12-13 0:00,314720
2012-12-16 0:00,105974
2012-12-19 0:00,236506
2012-12-22 0:00,154215
2012-12-25 0:00,111224
2012-12-28 0:00,174286
2012-12-31 0:00,182154
2013-01-03 0:00,157983
2013-01-06 0:00,142274
2013-01-09 0:00,259742
2013-01-12 0:00,172922
2013-01-15 0:00,237189
2013-01-18 0:00,245541
2013-01-21 0:00,191391
2013-01-24 0:00,325164
2013-01-27 0:00,159276
2013-01-30 0:00,295506
2013-02-02 0:00,326140
2013-02-05 0:00,264011
2013-02-08 0:00,229395
2013-02-11 0:00,182960
2013-02-14 0:00,260521
2013-02-17 0:00,236938
2013-02-20 0:00,291624
2013-02-23 0:00,234715
2013-02-26 0:00,272969
2013-03-01 0:00,316865
2013-03-04 0:00,193640
2013-03-07 0:00,335040
2013-03-10 0:00,150124
2013-03-13 0:00,275858
2013-03-16 0:00,160165
2013-03-19 0:00,325117
2013-03-22 0:00,304911
2013-03-25 0:00,280497
2013-03-28 0:00,295984
2013-03-31 0:00,134108
2013-04-03 0:00,387082
2013-04-06 0:00,190633
2013-04-09 0:00,342545
2013-04-12 0:00,488571
2013-04-15 0:00,227885
2013-04-18 0:00,263182
2013-04-21 0:00,152250
2013-04-24 0:00,250438
2013-04-27 0:00,221082
2013-04-30 0:00,232155
2013-05-03 0:00,372936
2013-05-06 0:00,270750
2013-05-09 0:00,168235
2013-05-12 0:00,213420
2013-05-15 0:00,287540
2013-05-18 0:00,215396
2013-05-21 0:00,148971
2013-05-24 0:00,139597
2013-05-27 0:00,90814
2013-05-30 0:00,152657
2013-06-02 0:00,113863
2013-06-05 0:00,168716
2013-06-08 0:00,139006
2013-06-11 0:00,144557
2013-06-14 0:00,192239
2013-06-17 0:00,119282
2013-06-20 0:00,148692
2013-06-23 0:00,103164
2013-06-26 0:00,157625
2013-06-29 0:00,135258
2013-07-02 0:00,259765
2013-07-05 0:00,341564
2013-07-08 0:00,189543
2013-07-11 0:00,204001
2013-07-14 0:00,170728
2013-07-17 0:00,365413
2013-07-20 0:00,134513
2013-07-23 0:00,308763
2013-07-26 0:00,203643
2013-07-29 0:00,179861
2013-08-01 0:00,238051
2013-08-04 0:00,93830
2013-08-07 0:00,147510
2013-08-10 0:00,111037
2013-08-13 0:00,259010
2013-08-16 0:00,160380
2013-08-19 0:00,181610
2013-08-22 0:00,174912
2013-08-25 0:00,107052
2013-08-28 0:00,197898
2013-08-31 0:00,162165
2013-09-03 0:00,161440
2013-09-06 0:00,131448
2013-09-09 0:00,126248
2013-09-12 0:00,148555
2013-09-15 0:00,78935
2013-09-18 0:00,161163
2013-09-21 0:00,110774
2013-09-24 0:00,215108
2013-09-27 0:00,163774
2013-09-30 0:00,141959
2013-10-03 0:00,336325
2013-10-06 0:00,94625
2013-10-09 0:00,179252
2013-10-12 0:00,133286
2013-10-15 0:00,180843
2013-10-18 0:00,155194
2013-10-21 0:00,174957
2013-10-24 0:00,250788
2013-10-27 0:00,107717
2013-10-30 0:00,166703
2013-11-02 0:00,123969
2013-11-05 0:00,354723
2013-11-08 0:00,324225
2013-11-11 0:00,178429
2013-11-14 0:00,278926
2013-11-17 0:00,171805
2013-11-20 0:00,319297
2013-11-23 0:00,194482
2013-11-26 0:00,284191
2013-11-29 0:00,354606
2013-12-02 0:00,211339
2013-12-05 0:00,257229
2013-12-08 0:00,191848
2013-12-11 0:00,241263
2013-12-14 0:00,114780
2013-12-17 0:00,250861
2013-12-20 0:00,200951
2013-12-23 0:00,133032
2013-12-26 0:00,91341
2013-12-29 0:00,62226
2014-01-01 0:00,75623
2014-01-04 0:00,139408
2014-01-07 0:00,116437
2014-01-10 0:00,78289
2014-01-13 0:00,90764
2014-01-16 0:00,100075
2014-01-19 0:00,60637
2014-01-22 0:00,84782
2014-01-25 0:00,79323
2014-01-28 0:00,136676
2014-01-31 0:00,65104
2014-02-03 0:00,58470
2014-02-06 0:00,211531
2014-02-09 0:00,84848
2014-02-12 0:00,100662
2014-02-15 0:00,73784
2014-02-18 0:00,117629
2014-02-21 0:00,110627
2014-02-24 0:00,166367
2014-02-27 0:00,148639
2014-03-02 0:00,70872
2014-03-05 0:00,127054
2014-03-08 0:00,464854
2014-03-11 0:00,335694
2014-03-14 0:00,221202
2014-03-17 0:00,76397
2014-03-20 0:00,138891
2014-03-23 0:00,39199
2014-03-26 0:00,80189
2014-03-29 0:00,73750
2014-04-01 0:00,123138
2014-04-04 0:00,130438
2014-04-07 0:00,82134
2014-04-10 0:00,223282
2014-04-13 0:00,51603
2014-04-16 0:00,168467
2014-04-19 0:00,56344
2014-04-22 0:00,83726
2014-04-25 0:00,124699
2014-04-28 0:00,104575
2014-05-01 0:00,75492
2014-05-04 0:00,51731
2014-05-07 0:00,107866
2014-05-10 0:00,57674
2014-05-13 0:00,83942
2014-05-16 0:00,76781
2014-05-19 0:00,70443
2014-05-22 0:00,105031
2014-05-25 0:00,109973
2014-05-28 0:00,142571
2014-05-31 0:00,88724
2014-06-03 0:00,124768
2014-06-06 0:00,102011
2014-06-09 0:00,53422
2014-06-12 0:00,146414
2014-06-15 0:00,56701
2014-06-18 0:00,84951
2014-06-21 0:00,57721
2014-06-24 0:00,222986
2014-06-27 0:00,68777
2014-06-30 0:00,86128
2014-07-03 0:00,87309
2014-07-06 0:00,44509
2014-07-09 0:00,89343
2014-07-12 0:00,53650
2014-07-15 0:00,67184
2014-07-18 0:00,80489
2014-07-21 0:00,81228
2014-07-24 0:00,104673
2014-07-27 0:00,52915
2014-07-30 0:00,76568
2014-08-02 0:00,73232
2014-08-05 0:00,136298
2014-08-08 0:00,77090
2014-08-11 0:00,74547
2014-08-14 0:00,137780
2014-08-17 0:00,82438
2014-08-20 0:00,102376
2014-08-23 0:00,71634
2014-08-26 0:00,95228
2014-08-29 0:00,73295
2014-09-01 0:00,87301
2014-09-04 0:00,88537
2014-09-07 0:00,63545
2014-09-10 0:00,123307
2014-09-13 0:00,69354
2014-09-16 0:00,93845
2014-09-19 0:00,194315
2014-09-22 0:00,85247
2014-09-25 0:00,110876
2014-09-28 0:00,92933
2014-10-01 0:00,146888
2014-10-04 0:00,177720
2014-10-07 0:00,158394
2014-10-10 0:00,184559
2014-10-13 0:00,162028
2014-10-16 0:00,129477
2014-10-19 0:00,83629
2014-10-22 0:00,191858
2014-10-25 0:00,125611
2014-10-28 0:00,116684
2014-10-31 0:00,140401
2014-11-03 0:00,126165
2014-11-06 0:00,147891
2014-11-09 0:00,100598
2014-11-12 0:00,210237
2014-11-15 0:00,164849
2014-11-18 0:00,230771
2014-11-21 0:00,161082
2014-11-24 0:00,131142
2014-11-27 0:00,130229
2014-11-30 0:00,104185
2014-12-03 0:00,208752
2014-12-06 0:00,198404
2014-12-09 0:00,322835
2014-12-12 0:00,137975
2014-12-15 0:00,141464
2014-12-18 0:00,270199
2014-12-21 0:00,110282
2014-12-24 0:00,215851
2014-12-27 0:00,135816
2014-12-30 0:00,160419
2015-01-02 0:00,89563
2015-01-05 0:00,226278
2015-01-08 0:00,186115
2015-01-11 0:00,146039
2015-01-14 0:00,449467
2015-01-17 0:00,190046
2015-01-20 0:00,185416
2015-01-23 0:00,187786
2015-01-26 0:00,355411
2015-01-29 0:00,234709
2015-02-01 0:00,161503
2015-02-04 0:00,199849
2015-02-07 0:00,163982
2015-02-10 0:00,199469
2015-02-13 0:00,236945
2015-02-16 0:00,174308
2015-02-19 0:00,177651
2015-02-22 0:00,106163
2015-02-25 0:00,180120
2015-02-28 0:00,126307
2015-03-03 0:00,236688
2015-03-06 0:00,216770
2015-03-09 0:00,167043
2015-03-12 0:00,203267
2015-03-15 0:00,88434
2015-03-18 0:00,226782
2015-03-21 0:00,136085
2015-03-24 0:00,219823
2015-03-27 0:00,227414
2015-03-30 0:00,172399
2015-04-02 0:00,212109
2015-04-05 0:00,85808
2015-04-08 0:00,208799
2015-04-11 0:00,182352
2015-04-14 0:00,260797
2015-04-17 0:00,182134
2015-04-20 0:00,184164
2015-04-23 0:00,170771
2015-04-26 0:00,162355
2015-04-29 0:00,187040
2015-05-02 0:00,138144
2015-05-05 0:00,169224
2015-05-08 0:00,196211
2015-05-11 0:00,176602
2015-05-14 0:00,186504
2015-05-17 0:00,104689
2015-05-20 0:00,191310
2015-05-23 0:00,190033
2015-05-26 0:00,173736
2015-05-29 0:00,214634
2015-06-01 0:00,243081
2015-06-04 0:00,207085
2015-06-07 0:00,150020
2015-06-10 0:00,226873
2015-06-13 0:00,179169
2015-06-16 0:00,336390
2015-06-19 0:00,422526
2015-06-22 0:00,181132
2015-06-25 0:00,198842
2015-06-28 0:00,144758
2015-07-01 0:00,239136
2015-07-04 0:00,169951
2015-07-07 0:00,317056
2015-07-10 0:00,368117
2015-07-13 0:00,232056
2015-07-16 0:00,264206
2015-07-19 0:00,117116
2015-07-22 0:00,185458
2015-07-25 0:00,194140
2015-07-28 0:00,299639
2015-07-31 0:00,209161
2015-08-03 0:00,195622
2015-08-06 0:00,192496
2015-08-09 0:00,305442
2015-08-12 0:00,254387
2015-08-15 0:00,256781
2015-08-18 0:00,356892
2015-08-21 0:00,325432
2015-08-24 0:00,436393
2015-08-27 0:00,249168
2015-08-30 0:00,176407
2015-09-02 0:00,227160
2015-09-05 0:00,196964
2015-09-08 0:00,267926
2015-09-11 0:00,258227
2015-09-14 0:00,229617
2015-09-17 0:00,276118
2015-09-20 0:00,205171
2015-09-23 0:00,278627
2015-09-26 0:00,184226
2015-09-29 0:00,311130
2015-10-02 0:00,377828
2015-10-05 0:00,228155
2015-10-08 0:00,421180
2015-10-11 0:00,161324
2015-10-14 0:00,331030
2015-10-17 0:00,350601
2015-10-20 0:00,315188
2015-10-23 0:00,298197
2015-10-26 0:00,311249
2015-10-29 0:00,480319
2015-11-01 0:00,383229
2015-11-04 0:00,767411
2015-11-07 0:00,413449
2015-11-10 0:00,442431
2015-11-13 0:00,434122
2015-11-16 0:00,421882
2015-11-19 0:00,372267
2015-11-22 0:00,233138
2015-11-25 0:00,328198
2015-11-28 0:00,312191
2015-12-01 0:00,457413
2015-12-04 0:00,348038
2015-12-07 0:00,432522
2015-12-10 0:00,452652
2015-12-13 0:00,380438
2015-12-16 0:00,432569
2015-12-19 0:00,370213
2015-12-22 0:00,469864
2015-12-25 0:00,287748
2015-12-28 0:00,249458
2015-12-31 0:00,176226
2016-01-03 0:00,121051
2016-01-06 0:00,215148
2016-01-09 0:00,156330
2016-01-12 0:00,221764
2016-01-15 0:00,325720
2016-01-18 0:00,191993
2016-01-21 0:00,331592
2016-01-24 0:00,197719
2016-01-27 0:00,341404
2016-01-30 0:00,389588
2016-02-02 0:00,387109
2016-02-05 0:00,402893
2016-02-08 0:00,248301
2016-02-11 0:00,358666
2016-02-14 0:00,260679
2016-02-17 0:00,409578
2016-02-20 0:00,345692
2016-02-23 0:00,376960
2016-02-26 0:00,336689
2016-02-29 0:00,519281
2016-03-03 0:00,513865
2016-03-06 0:00,331787
2016-03-09 0:00,277000
2016-03-12 0:00,231193
2016-03-15 0:00,283727
2016-03-18 0:00,297479
2016-03-21 0:00,233056
2016-03-24 0:00,334719
2016-03-27 0:00,270233
2016-03-30 0:00,379711
2016-04-02 0:00,231375
2016-04-05 0:00,331653
2016-04-08 0:00,292713
2016-04-11 0:00,264357
2016-04-14 0:00,274524
2016-04-17 0:00,186607
2016-04-20 0:00,312840.6724
2016-04-23 0:00,222448.4648
2016-04-26 0:00,363972.8546
2016-04-29 0:00,438620.9343
2016-05-02 0:00,322725.3975
2016-05-05 0:00,287908.0096
2016-05-08 0:00,158286.4461
2016-05-11 0:00,316018.7934
2016-05-14 0:00,227205.7787
2016-05-17 0:00,318709.7506
2016-05-20 0:00,351885.2369
2016-05-23 0:00,287554.2615
2016-05-26 0:00,368474.573
2016-05-29 0:00,404554.6411
2016-06-01 0:00,359797.5998
2016-06-04 0:00,234022.9465
2016-06-07 0:00,359673.2523
2016-06-10 0:00,382778.5124
2016-06-13 0:00,275333.9115
2016-06-16 0:00,565034.5861
2016-06-19 0:00,201638.9407
2016-06-22 0:00,487842.3333
2016-06-25 0:00,233794.1269
2016-06-28 0:00,315477.2723
2016-07-01 0:00,290271.6204
2016-07-04 0:00,241008.6889
2016-07-07 0:00,331850.0733
2016-07-10 0:00,158229.3262
2016-07-13 0:00,285567.9835
2016-07-16 0:00,195758.0112
2016-07-19 0:00,351789.3415
2016-07-22 0:00,250316.5452
2016-07-25 0:00,208032.7853
2016-07-28 0:00,258185.1581
2016-07-31 0:00,234107.2837
2016-08-03 0:00,363680.1264
2016-08-06 0:00,198726.1215
2016-08-09 0:00,252030.1156
2016-08-12 0:00,259072.9519
2016-08-15 0:00,213376.7626
2016-08-18 0:00,247545.6991
2016-08-21 0:00,136485.1852
2016-08-24 0:00,270871.3154
2016-08-27 0:00,169458.6429
2016-08-30 0:00,264413.9338
2016-09-02 0:00,231019.7167
2016-09-05 0:00,260037.0734
2016-09-08 0:00,245006.0189
2016-09-11 0:00,163733.6717
2016-09-14 0:00,219075.9693
2016-09-17 0:00,152553.9354
2016-09-20 0:00,243390.6807
2016-09-23 0:00,238546.4412
2016-09-26 0:00,249096.6755
2016-09-29 0:00,254451.0729
2016-10-02 0:00,161729.5057
2016-10-05 0:00,243264.0743
2016-10-08 0:00,213666.1383
2016-10-11 0:00,304140.4161
2016-10-14 0:00,237995.086
2016-10-17 0:00,254761.9732
2016-10-20 0:00,290684.8809
2016-10-23 0:00,158618.7207
2016-10-26 0:00,262305.9108
2016-10-29 0:00,233724.6578
2016-11-01 0:00,287696.457
2016-11-04 0:00,280307.0576
2016-11-07 0:00,270740.9186
2016-11-10 0:00,262443.6135
2016-11-13 0:00,177264.2084
2016-11-16 0:00,365762.7251
2016-11-19 0:00,201492.263
2016-11-22 0:00,298362.3552
2016-11-25 0:00,263360.1526
2016-11-28 0:00,271509.8983
2016-12-01 0:00,259387.1148
2016-12-04 0:00,131451.4284
2016-12-07 0:00,294814.1259
2016-12-10 0:00,193275.6679
2016-12-13 0:00,256895.5898
2016-12-16 0:00,307291.6343
2016-12-19 0:00,280515.0222
2016-12-22 0:00,384847.0837
2016-12-25 0:00,232569.5799
2016-12-28 0:00,334220.0497
2016-12-31 0:00,215512.4285
2017-01-03 0:00,329964.3935
2017-01-06 0:00,483798.9434
2017-01-09 0:00,297521.3114
2017-01-12 0:00,394742.8462
2017-01-15 0:00,193769.2485
2017-01-18 0:00,295532.828
2017-01-21 0:00,222988.6857
2017-01-24 0:00,263431.87
2017-01-27 0:00,188459.9404
2017-01-30 0:00,161054.2378
2017-02-02 0:00,206551.9255
2017-02-05 0:00,187004.4445
2017-02-08 0:00,256176.1004
2017-02-11 0:00,162125.9136
2017-02-14 0:00,227168.8837
2017-02-17 0:00,259513.0349
2017-02-20 0:00,177737.9553
2017-02-23 0:00,278550.228
2017-02-26 0:00,168919.1928
2017-03-01 0:00,234425.1703
2017-03-04 0:00,203694.7448
2017-03-07 0:00,269327.6767
2017-03-10 0:00,274668.6468
2017-03-13 0:00,247252.0494
2017-03-16 0:00,423293.5078
2017-03-19 0:00,245744.7124
2017-03-22 0:00,370726.2227
2017-03-25 0:00,331578.1228
2017-03-28 0:00,409096.064
2017-03-31 0:00,423794.8204
2017-04-03 0:00,309041.2479
2017-04-06 0:00,310928.713
2017-04-09 0:00,182076.1112
2017-04-12 0:00,263669.0999
2017-04-15 0:00,231541.1593
2017-04-18 0:00,282978.3616
2017-04-21 0:00,259347.8557
2017-04-24 0:00,218198.4686
2017-04-27 0:00,299790.6887
2017-04-30 0:00,199722.127
2017-05-03 0:00,317492.173
2017-05-06 0:00,303559.1187
2017-05-09 0:00,442341.0289
2017-05-12 0:00,343919.5429
2017-05-15 0:00,401257.5795
2017-05-18 0:00,356585.5829
2017-05-21 0:00,266554.6942
2017-05-24 0:00,450541.3764
2017-05-27 0:00,320932.559
2017-05-30 0:00,399669.5809
2017-06-02 0:00,296956.9405
2017-06-05 0:00,295172.7059
2017-06-08 0:00,290137.1302
2017-06-11 0:00,221919.0075
2017-06-14 0:00,307843.1225
2017-06-17 0:00,201087.1213
2017-06-20 0:00,258544.7498
2017-06-23 0:00,204918.9253
2017-06-26 0:00,285169.5864
2017-06-29 0:00,239702.9853
2017-07-02 0:00,188590.9761
2017-07-05 0:00,278939.2864
2017-07-08 0:00,218043.1796
2017-07-11 0:00,274884.6655
2017-07-14 0:00,222073.2775
2017-07-17 0:00,261954.1711
2017-07-20 0:00,260620.1027
2017-07-23 0:00,155550.2182
2017-07-26 0:00,271020.0343
2017-07-29 0:00,341085.5299
2017-08-01 0:00,505161.3213
2017-08-04 0:00,416334.9214
2017-08-07 0:00,406656.6175
2017-08-10 0:00,281254.3023
2017-08-13 0:00,224562.8841
2017-08-16 0:00,225303.9529
2017-08-19 0:00,313472.6939
2017-08-22 0:00,215933.0146
2017-08-25 0:00,175375.8405
2017-08-28 0:00,210661.0287
2017-08-31 0:00,251079.6171
2017-09-03 0:00,171234.7274
2017-09-06 0:00,290191.5556
2017-09-09 0:00,177865.0781
2017-09-12 0:00,214844.9057
2017-09-15 0:00,398314.8352
2017-09-18 0:00,204865.328
2017-09-21 0:00,188302.1375
2017-09-24 0:00,97112.70531
2017-09-27 0:00,171774.6854
2017-09-30 0:00,152977.6779
2017-10-03 0:00,161042.7787
2017-10-06 0:00,164357.3673
2017-10-09 0:00,234154.7057
2017-10-12 0:00,207938.5927
2017-10-15 0:00,153804.2322
2017-10-18 0:00,251680.6771
2017-10-21 0:00,154383.9599
2017-10-24 0:00,381933.9578
2017-10-27 0:00,165001.2667
2017-10-30 0:00,275383.1153
2017-11-02 0:00,338534.0675
2017-11-05 0:00,177541.6076
2017-11-08 0:00,254715.5182
2017-11-11 0:00,211248.9548
2017-11-14 0:00,276286.8
2017-11-17 0:00,360016.3465
2017-11-20 0:00,290024.0199
2017-11-23 0:00,301334.5563
2017-11-26 0:00,243954.9184
2017-11-29 0:00,401449.9201
2017-12-02 0:00,179323.6286
2017-12-05 0:00,224596.1506
2017-12-08 0:00,299816.9523
2017-12-11 0:00,254835.4834
2017-12-14 0:00,215114.7697
2017-12-17 0:00,262597.6285
2017-12-20 0:00,321480.9061
2017-12-23 0:00,160500.9266
2017-12-26 0:00,198300.0454
2017-12-29 0:00,251563.8573
2018-01-01 0:00,184794.6627
2018-01-04 0:00,266691.8355
2018-01-07 0:00,294130.9777
2018-01-10 0:00,259905.1071
2018-01-13 0:00,180298.6834
2018-01-16 0:00,270270.0133
2018-01-19 0:00,219156.1179
2018-01-22 0:00,199105.8877
2018-01-25 0:00,189321.5447
2018-01-28 0:00,163590.5694
2018-01-31 0:00,159867.3306
2018-02-03 0:00,164374.0244
2018-02-06 0:00,286153.3403
2018-02-09 0:00,199472.8309
2018-02-12 0:00,181029.6541
2018-02-15 0:00,129180.3611
2018-02-18 0:00,79660.08198
2018-02-21 0:00,145459.8546
2018-02-24 0:00,167742.7581
2018-02-27 0:00,139296.1683
2018-03-02 0:00,119142.8818
2018-03-05 0:00,136451.9747
2018-03-08 0:00,143088.2449
2018-03-11 0:00,104178.0789
2018-03-14 0:00,149873.0758
2018-03-17 0:00,87993.26012
2018-03-20 0:00,115375.4958
2018-03-23 0:00,110642.2147
2018-03-26 0:00,123720.4144
2018-03-29 0:00,146222.1726
2018-04-01 0:00,86133.15555
2018-04-04 0:00,110471.8404
2018-04-07 0:00,94399.59319
2018-04-10 0:00,119959.6632
2018-04-13 0:00,144308.2901
2018-04-16 0:00,108195.607
2018-04-19 0:00,167636.8458
2018-04-22 0:00,74947.09558
2018-04-25 0:00,182321.1028
2018-04-28 0:00,178730.4985
2018-05-01 0:00,94229.71878
2018-05-04 0:00,145335.1974
2018-05-07 0:00,138275.8717
2018-05-10 0:00,145490.5842
2018-05-13 0:00,72791.52753
2018-05-16 0:00,162304.7101
2018-05-19 0:00,69258.31275
2018-05-22 0:00,109440.1318
2018-05-25 0:00,105922.9659
2018-05-28 0:00,142151.0149
2018-05-31 0:00,110506.3534
2018-06-03 0:00,63102.85728
2018-06-06 0:00,102030.2988
2018-06-09 0:00,66895.0211
2018-06-12 0:00,125289.9849
2018-06-15 0:00,120303.9646
2018-06-18 0:00,102492.4923
2018-06-21 0:00,106868.4959
2018-06-24 0:00,94335.89369
2018-06-27 0:00,129636.3392
2018-06-30 0:00,82832.66576
2018-07-03 0:00,131532.5988
2018-07-06 0:00,122863.5225
2018-07-09 0:00,95508.90095
2018-07-12 0:00,107049.001
2018-07-15 0:00,56082.39419
2018-07-18 0:00,144196.2811
2018-07-21 0:00,71687.28798
2018-07-24 0:00,143048.8439
2018-07-27 0:00,110006.939
2018-07-30 0:00,106625.9066
2018-08-02 0:00,136332.1266
2018-08-05 0:00,53304.07567
2018-08-08 0:00,121815.3207
2018-08-11 0:00,81893.01673
2018-08-14 0:00,174756.6776
2018-08-17 0:00,121209.3469
2018-08-20 0:00,96863.94436
2018-08-23 0:00,137478.9167
2018-08-26 0:00,56858.10724
2018-08-29 0:00,123431.9185
2018-09-01 0:00,74829.35581
2018-09-04 0:00,115634.7646
2018-09-07 0:00,114506.9723
2018-09-10 0:00,112368.5228
2018-09-13 0:00,193728.1224
2018-09-16 0:00,43568.81512
2018-09-19 0:00,106220.9845
2018-09-22 0:00,68523.44085
2018-09-25 0:00,131313.2758
2018-09-28 0:00,136792.5022
2018-10-01 0:00,104262.6591
2018-10-04 0:00,101249.0501
2018-10-07 0:00,37558.21256
2018-10-10 0:00,115412.5897
2018-10-13 0:00,58874.05926
2018-10-16 0:00,136972.6611
2018-10-19 0:00,129375.826
2018-10-22 0:00,113898.2454
2018-10-25 0:00,127063.225
2018-10-28 0:00,71645.16472
2018-10-31 0:00,128050.1836
2018-11-03 0:00,57759.29099
2018-11-06 0:00,116941.3529
2018-11-09 0:00,131258.8532
2018-11-12 0:00,116184.5305
2018-11-15 0:00,484615.0721
2018-11-18 0:00,63965.16527
2018-11-21 0:00,227159.8635
2018-11-24 0:00,96229.75124
2018-11-27 0:00,229185.3318
2018-11-30 0:00,396401.824
2018-12-03 0:00,319552.0437
2018-12-06 0:00,385583.7344
2018-12-09 0:00,80735.94228
2018-12-12 0:00,161535.0021
2018-12-15 0:00,91527.88069
2018-12-18 0:00,205069.8258
2018-12-21 0:00,203257.0073
2018-12-24 0:00,163930.598
2018-12-27 0:00,153232.0198
2018-12-30 0:00,70442.98474
2019-01-02 0:00,126389.9153
2019-01-05 0:00,82676.47065
2019-01-08 0:00,146195.5457
2019-01-11 0:00,297947.5603
2019-01-14 0:00,163190.8011
2019-01-17 0:00,138693.1792
2019-01-20 0:00,66397.09464
2019-01-23 0:00,148557.6154
2019-01-26 0:00,79156.12725
2019-01-29 0:00,145326.4244
2019-02-01 0:00,179022.4763
2019-02-04 0:00,103370.6987
2019-02-07 0:00,141362.2125
2019-02-10 0:00,75625.10881
2019-02-13 0:00,189712.9678
2019-02-16 0:00,101111.3514
2019-02-19 0:00,184200.0915
2019-02-22 0:00,151533.5314
2019-02-25 0:00,208068.2523
2019-02-28 0:00,245257.3611
2019-03-03 0:00,68527.73847
2019-03-06 0:00,156186.436
2019-03-09 0:00,86524.48167
2019-03-12 0:00,163751.7831
2019-03-15 0:00,140010.35
2019-03-18 0:00,149949.5523
2019-03-21 0:00,160471.438
2019-03-24 0:00,72726.1814
2019-03-27 0:00,155981.764
2019-03-30 0:00,85842.52888
2019-04-02 0:00,299883.9435
2019-04-05 0:00,179879.5868
2019-04-08 0:00,187016.737
2019-04-11 0:00,204494.9595
2019-04-14 0:00,108600.6397
2019-04-17 0:00,166068.5239
2019-04-20 0:00,69164.19945
2019-04-23 0:00,148633.2573
2019-04-26 0:00,232443.0582
2019-04-29 0:00,167463.5836
2019-05-02 0:00,137966.2578
2019-05-05 0:00,78098.03193
2019-05-08 0:00,174669.1142
2019-05-11 0:00,131963.4527
2019-05-14 0:00,208736.0018
2019-05-17 0:00,178087.2281
2019-05-20 0:00,142535.4683
2019-05-23 0:00,153844.953
2019-05-26 0:00,103839.7243
2019-05-29 0:00,314424.1187
2019-06-01 0:00,111147.797
2019-06-04 0:00,278295.7659
2019-06-07 0:00,136123.0746
