2010-08-17 0:00,287932.825
2010-08-20 0:00,251208.875
2010-08-23 0:00,250552.5
2010-08-26 0:00,254574.7968
2010-08-29 0:00,249739.2
2010-09-01 0:00,251747.1
2010-09-04 0:00,239284.55
2010-09-07 0:00,242922.06
2010-09-10 0:00,245020.113
2010-09-13 0:00,246598.2675
2010-09-16 0:00,247934.26
2010-09-19 0:00,252809.1915
2010-09-22 0:00,255382.48
2010-09-25 0:00,255815.04
2010-09-28 0:00,259127.1265
2010-10-01 0:00,257658.5442
2010-10-04 0:00,258853.1
2010-10-07 0:00,267797.31
2010-10-10 0:00,506574
2010-10-13 0:00,403384.25
2010-10-16 0:00,466187.55
2010-10-19 0:00,441984
2010-10-22 0:00,465155.75
2010-10-25 0:00,656385
2010-10-28 0:00,837820.5935
2010-10-31 0:00,883997.8
2010-11-03 0:00,1229263.75
2010-11-06 0:00,1305188.5
2010-11-09 0:00,1528432.08
2010-11-12 0:00,1146542.9
2010-11-15 0:00,1301389.04
2010-11-18 0:00,1344580.364
2010-11-21 0:00,1350617
2010-11-24 0:00,1324888.433
2010-11-27 0:00,1339135.351
2010-11-30 0:00,1302963.75
2010-12-03 0:00,1216798.095
2010-12-06 0:00,1080225
2010-12-09 0:00,1155003.96
2010-12-12 0:00,1108422
2010-12-15 0:00,1205914.16
2010-12-18 0:00,1223100.45
2010-12-21 0:00,1329048.965
2010-12-24 0:00,1240400
2010-12-27 0:00,1321051.5
2010-12-30 0:00,1503039.99
2011-01-02 0:00,1510854.855
2011-01-05 0:00,1512645.832
2011-01-08 0:00,1641355.114
2011-01-11 0:00,1680285.25
2011-01-14 0:00,2310097.5
2011-01-17 0:00,2063780
2011-01-20 0:00,1905303.75
2011-01-23 0:00,2314847.43
2011-01-26 0:00,2225576.25
2011-01-29 0:00,2346093.8
2011-02-01 0:00,5020702.5
2011-02-04 0:00,4672800
2011-02-07 0:00,4835608.47
2011-02-10 0:00,5901940
2011-02-13 0:00,5826222
2011-02-16 0:00,5698435.959
2011-02-19 0:00,5566854
2011-02-22 0:00,4770941.013
2011-02-25 0:00,5520950
2011-02-28 0:00,5273357.897
2011-03-03 0:00,5244730
2011-03-06 0:00,5113241.209
2011-03-09 0:00,4989216.271
2011-03-12 0:00,5210146.485
2011-03-15 0:00,5112876.605
2011-03-18 0:00,4850600.912
2011-03-21 0:00,4510573.77
2011-03-24 0:00,5168880
2011-03-27 0:00,5165182.8
2011-03-30 0:00,4602771.75
2011-04-02 0:00,4636731.612
2011-04-05 0:00,4150234
2011-04-08 0:00,4688731.75
2011-04-11 0:00,4601886.3
2011-04-14 0:00,5563719
2011-04-17 0:00,6447992.25
2011-04-20 0:00,7145353.71
2011-04-23 0:00,9278974.7
2011-04-26 0:00,10409842.5
2011-04-29 0:00,16320960
2011-05-02 0:00,21224261.25
2011-05-05 0:00,21363300
2011-05-08 0:00,23926500
2011-05-11 0:00,37401642
2011-05-14 0:00,55157305
2011-05-17 0:00,52289118.78
2011-05-20 0:00,44498895
2011-05-23 0:00,46969642.5
2011-05-26 0:00,59244567
2011-05-29 0:00,54192599.04
2011-06-01 0:00,60104747.75
2011-06-04 0:00,111958487
2011-06-07 0:00,123166673
2011-06-10 0:00,227258500
2011-06-13 0:00,159956825
2011-06-16 0:00,131022430
2011-06-19 0:00,124477963.4
2011-06-22 0:00,99795797.5
2011-06-25 0:00,117258240
2011-06-28 0:00,117135216
2011-07-01 0:00,114115900
2011-07-04 0:00,106791752.5
2011-07-07 0:00,109846750
2011-07-10 0:00,106345680
2011-07-13 0:00,96305607.5
2011-07-16 0:00,96299475
2011-07-19 0:00,100754535
2011-07-22 0:00,95845270.29
2011-07-25 0:00,101705310
2011-07-28 0:00,96961200
2011-07-31 0:00,103552070
2011-08-03 0:00,91358090
2011-08-06 0:00,76930150
2011-08-09 0:00,84859720
2011-08-12 0:00,69613745.65
2011-08-15 0:00,83881572
2011-08-18 0:00,82575753
2011-08-21 0:00,82255968.5
2011-08-24 0:00,81179400
2011-08-27 0:00,65060431.5
2011-08-30 0:00,65528572.52
2011-09-02 0:00,61050573.32
2011-09-05 0:00,61000078.15
2011-09-08 0:00,52855548.55
2011-09-11 0:00,53624840
2011-09-14 0:00,43532325.01
2011-09-17 0:00,36597071.7
2011-09-20 0:00,49662956.25
2011-09-23 0:00,41830862.19
2011-09-26 0:00,40134759.07
2011-09-29 0:00,35445455.85
2011-10-02 0:00,38133174
2011-10-05 0:00,37235250
2011-10-08 0:00,34131123
2011-10-11 0:00,30830033.47
2011-10-14 0:00,30711001.2
2011-10-17 0:00,28135216.69
2011-10-20 0:00,18152299
2011-10-23 0:00,25259808
2011-10-26 0:00,21673248.4
2011-10-29 0:00,28905466.86
2011-11-01 0:00,25365195
2011-11-04 0:00,24439088.13
2011-11-07 0:00,23062650.38
2011-11-10 0:00,22909950
2011-11-13 0:00,23728578.15
2011-11-16 0:00,19965270
2011-11-19 0:00,17708160
2011-11-22 0:00,18139885
2011-11-25 0:00,19808640
2011-11-28 0:00,19692406.44
2011-12-01 0:00,24427630
2011-12-04 0:00,23327083
2011-12-07 0:00,24116650
2011-12-10 0:00,23858224
2011-12-13 0:00,25966050
2011-12-16 0:00,25478401.5
2011-12-19 0:00,29270772.69
2011-12-22 0:00,31663067.48
2011-12-25 0:00,34918088.14
2011-12-28 0:00,33421397.97
2011-12-31 0:00,39960249.75
2012-01-03 0:00,42442728
2012-01-06 0:00,58097535
2012-01-09 0:00,58117680
2012-01-12 0:00,56641414.7
2012-01-15 0:00,56735651.83
2012-01-18 0:00,56570220
2012-01-21 0:00,53462737.5
2012-01-24 0:00,53319085.75
2012-01-27 0:00,46679667.25
2012-01-30 0:00,46084920
2012-02-02 0:00,51163950
2012-02-05 0:00,49341178.13
2012-02-08 0:00,48528962.16
2012-02-11 0:00,49907100
2012-02-14 0:00,46704000
2012-02-17 0:00,39880133.29
2012-02-20 0:00,37898166
2012-02-23 0:00,41403862.63
2012-02-26 0:00,42158154.19
2012-02-29 0:00,41429990
2012-03-03 0:00,40512466.23
2012-03-06 0:00,42904800
2012-03-09 0:00,42170920.55
2012-03-12 0:00,42367506.2
2012-03-15 0:00,46675162.5
2012-03-18 0:00,46202192.24
2012-03-21 0:00,41936544
2012-03-24 0:00,41002995.54
2012-03-27 0:00,41036313
2012-03-30 0:00,41923675.5
2012-04-02 0:00,44205398
2012-04-05 0:00,43125360.28
2012-04-08 0:00,41958240
2012-04-11 0:00,42887732.42
2012-04-14 0:00,44178490
2012-04-17 0:00,44207273.38
2012-04-20 0:00,45621372.5
2012-04-23 0:00,46160687.64
2012-04-26 0:00,45932096
2012-04-29 0:00,44611568.64
2012-05-02 0:00,46168339.83
2012-05-05 0:00,46029063.22
2012-05-08 0:00,45721500
2012-05-11 0:00,45219241.21
2012-05-14 0:00,45360007.4
2012-05-17 0:00,46339889.4
2012-05-20 0:00,46591020
2012-05-23 0:00,46776948
2012-05-26 0:00,46776605.4
2012-05-29 0:00,46979431.79
2012-06-01 0:00,48101134.5
2012-06-04 0:00,48301442.1
2012-06-07 0:00,50712817.35
2012-06-10 0:00,51683768
2012-06-13 0:00,54946432
2012-06-16 0:00,60990927.55
2012-06-19 0:00,60544348.1
2012-06-22 0:00,63151470.75
2012-06-25 0:00,60051019.4
2012-06-28 0:00,62238162.53
2012-07-01 0:00,62612329
2012-07-04 0:00,61417712.5
2012-07-07 0:00,63448312.5
2012-07-10 0:00,68214906.75
2012-07-13 0:00,74621030
2012-07-16 0:00,78488773.2
2012-07-19 0:00,88033272.01
2012-07-22 0:00,85616550
2012-07-25 0:00,83632283.28
2012-07-28 0:00,85388660
2012-07-31 0:00,90483816
2012-08-03 0:00,106835545.7
2012-08-06 0:00,108737437.5
2012-08-09 0:00,115851000
2012-08-12 0:00,113871082
2012-08-15 0:00,122938910.5
2012-08-18 0:00,148410965.6
2012-08-21 0:00,100443442.5
2012-08-24 0:00,100196825
2012-08-27 0:00,119046817
2012-08-30 0:00,107421026.6
2012-09-02 0:00,100317904.1
2012-09-05 0:00,104404553.6
2012-09-08 0:00,110912300.5
2012-09-11 0:00,111008758.4
2012-09-14 0:00,116785600
2012-09-17 0:00,119178200.6
2012-09-20 0:00,126682643.4
2012-09-23 0:00,122868066.5
2012-09-26 0:00,123194188
2012-09-29 0:00,125597566.5
2012-10-02 0:00,129800132
2012-10-05 0:00,131173669.5
2012-10-08 0:00,122253224
2012-10-11 0:00,123629761
2012-10-14 0:00,121963800
2012-10-17 0:00,122131938.5
2012-10-20 0:00,120973687.5
2012-10-23 0:00,122781600
2012-10-26 0:00,113824274.5
2012-10-29 0:00,112563810
2012-11-01 0:00,116184415.1
2012-11-04 0:00,110253378
2012-11-07 0:00,116037120.8
2012-11-10 0:00,113633767.3
2012-11-13 0:00,115624189.1
2012-11-16 0:00,122843900
2012-11-19 0:00,123093261.4
2012-11-22 0:00,128383102
2012-11-25 0:00,132010830
2012-11-28 0:00,130281273.7
2012-12-01 0:00,133372357.4
2012-12-04 0:00,136438412.7
2012-12-07 0:00,144075708
2012-12-10 0:00,142844438.8
2012-12-13 0:00,145620234.2
2012-12-16 0:00,144317034.6
2012-12-19 0:00,141635134.4
2012-12-22 0:00,143780629.4
2012-12-25 0:00,142430120
2012-12-28 0:00,144711121.1
2012-12-31 0:00,144233048.3
2013-01-03 0:00,143057356.2
2013-01-06 0:00,143904635.4
2013-01-09 0:00,147781535.1
2013-01-12 0:00,152924255.9
2013-01-15 0:00,154444852.5
2013-01-18 0:00,170657458.5
2013-01-21 0:00,181458043.5
2013-01-24 0:00,205271964.8
2013-01-27 0:00,192741192.9
2013-01-30 0:00,211168732.5
2013-02-02 0:00,226441507.5
2013-02-05 0:00,223381273.5
2013-02-08 0:00,238245400
2013-02-11 0:00,260524441.4
2013-02-14 0:00,285978776.5
2013-02-17 0:00,276386540.7
2013-02-20 0:00,322132443.9
2013-02-23 0:00,316761071.6
2013-02-26 0:00,337705984.8
2013-03-01 0:00,378234362.6
2013-03-04 0:00,394631048.8
2013-03-07 0:00,461811834.6
2013-03-10 0:00,505945575
2013-03-13 0:00,509745491.1
2013-03-16 0:00,513747505.3
2013-03-19 0:00,630724760
2013-03-22 0:00,781897187.5
2013-03-25 0:00,809051214.6
2013-03-28 0:00,1025609049
2013-03-31 0:00,1015081235
2013-04-03 0:00,1525041869
2013-04-06 0:00,1567463463
2013-04-09 0:00,2620841076
2013-04-12 0:00,843312707.4
2013-04-15 0:00,1004410225
2013-04-18 0:00,1066353950
2013-04-21 0:00,1382675000
2013-04-24 0:00,1696508264
2013-04-27 0:00,1419014511
2013-04-30 0:00,1543897759
2013-05-03 0:00,1034828966
2013-05-06 0:00,1345090886
2013-05-09 0:00,1219822579
2013-05-12 0:00,1274287886
2013-05-15 0:00,1283062886
2013-05-18 0:00,1382268379
2013-05-21 0:00,1369657188
2013-05-24 0:00,1471892650
2013-05-27 0:00,1485990856
2013-05-30 0:00,1469538093
2013-06-02 0:00,1354720652
2013-06-05 0:00,1376864587
2013-06-08 0:00,1213946580
2013-06-11 0:00,1217610900
2013-06-14 0:00,1128830000
2013-06-17 0:00,1136058016
2013-06-20 0:00,1266565451
2013-06-23 0:00,1219485057
2013-06-26 0:00,1183612922
2013-06-29 0:00,1087840603
2013-07-02 0:00,1017368595
2013-07-05 0:00,771818503.6
2013-07-08 0:00,884162379
2013-07-11 0:00,993690836.3
2013-07-14 0:00,1081481238
2013-07-17 0:00,1119468901
2013-07-20 0:00,1051064818
2013-07-23 0:00,1092556079
2013-07-26 0:00,1105124841
2013-07-29 0:00,1159687050
2013-08-01 0:00,1197299385
2013-08-04 0:00,1204281158
2013-08-07 0:00,1216398480
2013-08-10 0:00,1183611635
2013-08-13 0:00,1239304284
2013-08-16 0:00,1139007099
2013-08-19 0:00,1181603148
2013-08-22 0:00,1286747438
2013-08-25 0:00,1310190388
2013-08-28 0:00,1385377931
2013-08-31 0:00,1544227650
2013-09-03 0:00,1519566392
2013-09-06 0:00,1427873853
2013-09-09 0:00,1420313587
2013-09-12 0:00,1501493796
2013-09-15 0:00,1468452843
2013-09-18 0:00,1490750729
2013-09-21 0:00,1448821725
2013-09-24 0:00,1440070860
2013-09-27 0:00,1477191020
2013-09-30 0:00,1481125170
2013-10-03 0:00,1378615371
2013-10-06 0:00,1435226560
2013-10-09 0:00,1489654112
2013-10-12 0:00,1508600194
2013-10-15 0:00,1649680710
2013-10-18 0:00,1786302345
2013-10-21 0:00,2103224180
2013-10-24 0:00,2328734577
2013-10-27 0:00,2251714053
2013-10-30 0:00,2425090157
2013-11-02 0:00,2437295813
2013-11-05 0:00,2947943727
2013-11-08 0:00,3895040535
2013-11-11 0:00,4064669415
2013-11-14 0:00,4994001600
2013-11-17 0:00,5557944600
2013-11-20 0:00,7149668750
2013-11-23 0:00,10079469419
2013-11-26 0:00,10173483145
2013-11-29 0:00,13065737063
2013-12-02 0:00,11974044578
2013-12-05 0:00,12423144163
2013-12-08 0:00,8744799022
2013-12-11 0:00,10731150885
2013-12-14 0:00,10482304133
2013-12-17 0:00,8520552684
2013-12-20 0:00,8020567500
2013-12-23 0:00,7784111543
2013-12-26 0:00,8943399550
2013-12-29 0:00,8713093533
2014-01-01 0:00,9115018220
2014-01-04 0:00,10045556736
2014-01-07 0:00,10607038229
2014-01-10 0:00,10130861705
2014-01-13 0:00,9902642685
2014-01-16 0:00,10196347805
2014-01-19 0:00,10232530350
2014-01-22 0:00,9998543354
2014-01-25 0:00,9922504800
2014-01-28 0:00,9860844595
2014-01-31 0:00,9899258813
2014-02-03 0:00,10050226550
2014-02-06 0:00,9617966650
2014-02-09 0:00,8786037000
2014-02-12 0:00,8262169494
2014-02-15 0:00,8078031423
2014-02-18 0:00,7780597426
2014-02-21 0:00,7035698628
2014-02-24 0:00,6779936250
2014-02-27 0:00,7287458483
2014-03-02 0:00,6979296116
2014-03-05 0:00,8295167238
2014-03-08 0:00,7606014150
2014-03-11 0:00,7787355648
2014-03-14 0:00,7964578727
2014-03-17 0:00,7825273315
2014-03-20 0:00,7397493750
2014-03-23 0:00,7118715008
2014-03-26 0:00,7359247288
2014-03-29 0:00,6288195326
2014-04-01 0:00,6037174753
2014-04-04 0:00,5622022952
2014-04-07 0:00,5649057226
2014-04-10 0:00,5064118725
2014-04-13 0:00,5119777125
2014-04-16 0:00,6472815113
2014-04-19 0:00,6332183310
2014-04-22 0:00,6255140735
2014-04-25 0:00,5827336661
2014-04-28 0:00,5678844450
2014-05-01 0:00,5849556162
2014-05-04 0:00,5551993638
2014-05-07 0:00,5690164673
2014-05-10 0:00,5769316393
2014-05-13 0:00,5602955328
2014-05-16 0:00,5743344319
2014-05-19 0:00,5709600195
2014-05-22 0:00,6706644944
2014-05-25 0:00,7368495625
2014-05-28 0:00,7366729895
2014-05-31 0:00,7965213010
2014-06-03 0:00,8660592155
2014-06-06 0:00,8435141763
2014-06-09 0:00,8380284372
2014-06-12 0:00,7950831675
2014-06-15 0:00,7230054767
2014-06-18 0:00,7807381180
2014-06-21 0:00,7639387911
2014-06-24 0:00,7576975431
2014-06-27 0:00,7629370138
2014-06-30 0:00,8038858000
2014-07-03 0:00,8357159646
2014-07-06 0:00,8240549911
2014-07-09 0:00,8122404507
2014-07-12 0:00,8222628582
2014-07-15 0:00,8114810685
2014-07-18 0:00,8209721212
2014-07-21 0:00,8077594532
2014-07-24 0:00,7849862761
2014-07-27 0:00,7743439126
2014-07-30 0:00,7501333455
2014-08-02 0:00,7745258967
2014-08-05 0:00,7602346578
2014-08-08 0:00,7728389582
2014-08-11 0:00,7600645789
2014-08-14 0:00,6854912355
2014-08-17 0:00,6469722234
2014-08-20 0:00,6679378133
2014-08-23 0:00,6640470759
2014-08-26 0:00,6763841117
2014-08-29 0:00,6759791170
2014-09-01 0:00,6377861181
2014-09-04 0:00,6428625750
2014-09-07 0:00,6363240583
2014-09-10 0:00,6426974895
2014-09-13 0:00,6364467156
2014-09-16 0:00,6212863800
2014-09-19 0:00,5300749488
2014-09-22 0:00,5333585348
2014-09-25 0:00,5432891464
2014-09-28 0:00,5063025000
2014-10-01 0:00,5137430974
2014-10-04 0:00,4484062800
2014-10-07 0:00,4417374855
2014-10-10 0:00,4798872497
2014-10-13 0:00,5103763143
2014-10-16 0:00,5061867360
2014-10-19 0:00,5213010586
2014-10-22 0:00,5165201888
2014-10-25 0:00,4683525527
2014-10-28 0:00,4768547912
2014-10-31 0:00,4584899554
2014-11-03 0:00,4385207114
2014-11-06 0:00,4687412655
2014-11-09 0:00,4804211514
2014-11-12 0:00,5802913007
2014-11-15 0:00,5038882560
2014-11-18 0:00,5134550134
2014-11-21 0:00,4827117113
2014-11-24 0:00,5198006400
2014-11-27 0:00,5047706146
2014-11-30 0:00,5097293877
2014-12-03 0:00,5132181106
2014-12-06 0:00,5079337165
2014-12-09 0:00,4760292227
2014-12-12 0:00,4829389818
2014-12-15 0:00,4793307333
2014-12-18 0:00,4327558493
2014-12-21 0:00,4456636201
2014-12-24 0:00,4469253042
2014-12-27 0:00,4293704693
2014-12-30 0:00,4278907103
2015-01-02 0:00,4324528909
2015-01-05 0:00,3789717240
2015-01-08 0:00,3792762040
2015-01-11 0:00,3733411894
2015-01-14 0:00,2422228638
2015-01-17 0:00,2707305216
2015-01-20 0:00,2927526251
2015-01-23 0:00,3205368430
2015-01-26 0:00,3736655602
2015-01-29 0:00,3212507057
2015-02-01 0:00,3043276324
2015-02-04 0:00,3071111004
2015-02-07 0:00,3109769195
2015-02-10 0:00,3043095552
2015-02-13 0:00,3319054029
2015-02-16 0:00,3265287116
2015-02-19 0:00,3347513318
2015-02-22 0:00,3272741800
2015-02-25 0:00,3311229562
2015-02-28 0:00,3513702465
2015-03-03 0:00,3833785480
2015-03-06 0:00,3785549759
2015-03-09 0:00,4002310934
2015-03-12 0:00,4143624087
2015-03-15 0:00,3954043366
2015-03-18 0:00,3709717424
2015-03-21 0:00,3600557276
2015-03-24 0:00,3463709255
2015-03-27 0:00,3477917245
2015-03-30 0:00,3432372892
2015-04-02 0:00,3536772754
2015-04-05 0:00,3604010402
2015-04-08 0:00,3450310038
2015-04-11 0:00,3323853833
2015-04-14 0:00,3035523600
2015-04-17 0:00,3131458311
2015-04-20 0:00,3161465083
2015-04-23 0:00,3316759348
2015-04-26 0:00,3078777334
2015-04-29 0:00,3183645205
2015-05-02 0:00,3305201504
2015-05-05 0:00,3315170883
2015-05-08 0:00,3460059372
2015-05-11 0:00,3455032101
2015-05-14 0:00,3374718444
2015-05-17 0:00,3341497738
2015-05-20 0:00,3327208635
2015-05-23 0:00,3388826795
2015-05-26 0:00,3351138399
2015-05-29 0:00,3352703354
2015-06-01 0:00,3163506560
2015-06-04 0:00,3210595731
2015-06-07 0:00,3171359940
2015-06-10 0:00,3251063484
2015-06-13 0:00,3285158823
2015-06-16 0:00,3503622535
2015-06-19 0:00,3522146336
2015-06-22 0:00,3523205319
2015-06-25 0:00,3462594912
2015-06-28 0:00,3563126298
2015-07-01 0:00,3696067024
2015-07-04 0:00,3700017152
2015-07-07 0:00,3837098591
2015-07-10 0:00,4123436258
2015-07-13 0:00,4168493842
2015-07-16 0:00,3968131248
2015-07-19 0:00,3975965188
2015-07-22 0:00,3999837095
2015-07-25 0:00,4141275320
2015-07-28 0:00,4261604875
2015-07-31 0:00,4113647100
2015-08-03 0:00,4111340913
2015-08-06 0:00,4008791845
2015-08-09 0:00,3842697676
2015-08-12 0:00,3881585458
2015-08-15 0:00,3848418459
2015-08-18 0:00,3684437228
2015-08-21 0:00,3392269897
2015-08-24 0:00,3099123540
2015-08-27 0:00,3320084429
2015-08-30 0:00,3296497320
2015-09-02 0:00,3360459735
2015-09-05 0:00,3421248063
2015-09-08 0:00,3546494661
2015-09-11 0:00,3503433867
2015-09-14 0:00,3373797492
2015-09-17 0:00,3422039400
2015-09-20 0:00,3368746800
2015-09-23 0:00,3367629248
2015-09-26 0:00,3426109284
2015-09-29 0:00,3486272414
2015-10-02 0:00,3490319120
2015-10-05 0:00,3514153761
2015-10-08 0:00,3585617248
2015-10-11 0:00,3649597910
2015-10-14 0:00,3748227565
2015-10-17 0:00,3964275578
2015-10-20 0:00,3977971670
2015-10-23 0:00,4093632237
2015-10-26 0:00,4207771165
2015-10-29 0:00,4586422490
2015-11-01 0:00,4606968188
2015-11-04 0:00,6468809829
2015-11-07 0:00,5737988774
2015-11-10 0:00,5241134019
2015-11-13 0:00,4928286660
2015-11-16 0:00,4889455205
2015-11-19 0:00,4888331350
2015-11-22 0:00,4793345255
2015-11-25 0:00,4836836875
2015-11-28 0:00,5270688720
2015-12-01 0:00,5356194597
2015-12-04 0:00,5383391312
2015-12-07 0:00,5905880837
2015-12-10 0:00,6210898129
2015-12-13 0:00,6562214148
2015-12-16 0:00,6802214980
2015-12-19 0:00,6908418909
2015-12-22 0:00,6536266658
2015-12-25 0:00,6826212809
2015-12-28 0:00,6366854663
2015-12-31 0:00,6452379124
2016-01-03 0:00,6438700586
2016-01-06 0:00,6483207481
2016-01-09 0:00,6780575689
2016-01-12 0:00,6733767995
2016-01-15 0:00,5907989111
2016-01-18 0:00,5816707008
2016-01-21 0:00,6164094600
2016-01-24 0:00,6120153919
2016-01-27 0:00,5969251295
2016-01-30 0:00,5728624464
2016-02-02 0:00,5661377906
2016-02-05 0:00,5863797293
2016-02-08 0:00,5706626345
2016-02-11 0:00,5726044294
2016-02-14 0:00,6120531764
2016-02-17 0:00,6363300370
2016-02-20 0:00,6694895489
2016-02-23 0:00,6356518650
2016-02-26 0:00,6472839926
2016-02-29 0:00,6657971470
2016-03-03 0:00,6437380104
2016-03-06 0:00,6249823739
2016-03-09 0:00,6319324958
2016-03-12 0:00,6276710500
2016-03-15 0:00,6354388122
2016-03-18 0:00,6268375748
2016-03-21 0:00,6297439975
2016-03-24 0:00,6393876499
2016-03-27 0:00,6557216490
2016-03-30 0:00,6340066808
2016-04-02 0:00,6432320503
2016-04-05 0:00,6494098133
2016-04-08 0:00,6505384260
2016-04-11 0:00,6487239628
2016-04-14 0:00,6539602042
2016-04-17 0:00,6574388529
2016-04-20 0:00,6836596929
2016-04-23 0:00,6979865503
2016-04-26 0:00,7242797766
2016-04-29 0:00,7064675364
2016-05-02 0:00,6879884028
2016-05-05 0:00,6956636781
2016-05-08 0:00,7106510950
2016-05-11 0:00,7029335591
2016-05-14 0:00,7083067859
2016-05-17 0:00,7044930395
2016-05-20 0:00,6868519563
2016-05-23 0:00,6888422725
2016-05-26 0:00,7053945796
2016-05-29 0:00,7989516744
2016-06-01 0:00,8421126700
2016-06-04 0:00,8961804457
2016-06-07 0:00,9028090842
2016-06-10 0:00,9064666618
2016-06-13 0:00,11010699783
2016-06-16 0:00,12027967803
2016-06-19 0:00,12010449024
2016-06-22 0:00,9256421500
2016-06-25 0:00,10441035606
2016-06-28 0:00,10196368957
2016-07-01 0:00,10608368894
2016-07-04 0:00,10651112510
2016-07-07 0:00,10012128071
2016-07-10 0:00,10235998868
2016-07-13 0:00,10366219391
2016-07-16 0:00,10453324633
2016-07-19 0:00,10660891361
2016-07-22 0:00,10230283752
2016-07-25 0:00,10327136947
2016-07-28 0:00,10354974234
2016-07-31 0:00,9858709807
2016-08-03 0:00,8908098000
2016-08-06 0:00,9309397508
2016-08-09 0:00,9548313985
2016-08-12 0:00,9241807138
2016-08-15 0:00,8945200084
2016-08-18 0:00,9055705733
2016-08-21 0:00,9185393312
2016-08-24 0:00,9186966578
2016-08-27 0:00,9000157327
2016-08-30 0:00,9173160323
2016-09-02 0:00,9194478279
2016-09-05 0:00,9709692792
2016-09-08 0:00,9996600081
2016-09-11 0:00,9682890147
2016-09-14 0:00,9744519111
2016-09-17 0:00,9658620486
2016-09-20 0:00,9683802530
2016-09-23 0:00,9592952324
2016-09-26 0:00,9682117481
2016-09-29 0:00,9631379511
2016-10-02 0:00,9698339801
2016-10-05 0:00,9762755869
2016-10-08 0:00,9881956035
2016-10-11 0:00,10207866901
2016-10-14 0:00,10216074252
2016-10-17 0:00,10182607559
2016-10-20 0:00,10085494745
2016-10-23 0:00,10504485908
2016-10-26 0:00,10751191343
2016-10-29 0:00,11433877548
2016-11-01 0:00,11722434159
2016-11-04 0:00,11304928422
2016-11-07 0:00,11260957290
2016-11-10 0:00,11422773692
2016-11-13 0:00,11247332052
2016-11-16 0:00,11832832521
2016-11-19 0:00,12049740050
2016-11-22 0:00,11968547387
2016-11-25 0:00,11852162087
2016-11-28 0:00,11713912056
2016-12-01 0:00,12069035148
2016-12-04 0:00,12265688032
2016-12-07 0:00,12284990288
2016-12-10 0:00,12395528463
2016-12-13 0:00,12503873910
2016-12-16 0:00,12573714999
2016-12-19 0:00,12697576938
2016-12-22 0:00,13815565559
2016-12-25 0:00,14372404881
2016-12-28 0:00,15706536998
2016-12-31 0:00,15485593574
2017-01-03 0:00,16604032594
2017-01-06 0:00,14246702550
2017-01-09 0:00,14483317500
2017-01-12 0:00,12943143564
2017-01-15 0:00,13217812515
2017-01-18 0:00,14128772648
2017-01-21 0:00,14894193301
2017-01-24 0:00,14334397639
2017-01-27 0:00,14801282964
2017-01-30 0:00,14820631418
2017-02-02 0:00,16260607103
2017-02-05 0:00,16350262338
2017-02-08 0:00,16925772491
2017-02-11 0:00,16190090550
2017-02-14 0:00,16370570040
2017-02-17 0:00,17119935725
2017-02-20 0:00,17714421920
2017-02-23 0:00,19140851275
2017-02-26 0:00,19133795678
2017-03-01 0:00,19898087659
2017-03-04 0:00,20515484348
2017-03-07 0:00,20046119625
2017-03-10 0:00,17733596764
2017-03-13 0:00,20016183000
2017-03-16 0:00,19100245120
2017-03-19 0:00,16629604629
2017-03-22 0:00,16558917210
2017-03-25 0:00,15551246387
2017-03-28 0:00,16971709883
2017-03-31 0:00,17563966388
2017-04-03 0:00,18556863561
2017-04-06 0:00,19525598224
2017-04-09 0:00,19815481984
2017-04-12 0:00,20033943606
2017-04-15 0:00,19498363475
2017-04-18 0:00,20637969895
2017-04-21 0:00,21588070556
2017-04-24 0:00,20575227797
2017-04-27 0:00,21926056741
2017-04-30 0:00,22058522828
2017-05-03 0:00,24586863671
2017-05-06 0:00,25457585280
2017-05-09 0:00,28093005954
2017-05-12 0:00,28089241688
2017-05-15 0:00,28143078402
2017-05-18 0:00,31027073785
2017-05-21 0:00,33448303438
2017-05-24 0:00,38899164897
2017-05-27 0:00,32941397093
2017-05-30 0:00,36637793850
2017-06-02 0:00,40038367307
2017-06-05 0:00,44183337149
2017-06-08 0:00,45750548628
2017-06-11 0:00,48532280870
2017-06-14 0:00,40110100599
2017-06-17 0:00,43712771806
2017-06-20 0:00,45187876438
2017-06-23 0:00,44471767181
2017-06-26 0:00,39989166645
2017-06-29 0:00,41774133240
2017-07-02 0:00,41080316972
2017-07-05 0:00,43033774512
2017-07-08 0:00,42110891329
2017-07-11 0:00,38965835960
2017-07-14 0:00,36037038605
2017-07-17 0:00,35813346630
2017-07-20 0:00,47702949608
2017-07-23 0:00,44877947692
2017-07-26 0:00,41097019289
2017-07-29 0:00,44859727987
2017-08-01 0:00,44675298136
2017-08-04 0:00,47386068358
2017-08-07 0:00,56200758544
2017-08-10 0:00,56502754910
2017-08-13 0:00,68093665581
2017-08-16 0:00,72000312097
2017-08-19 0:00,69743600462
2017-08-22 0:00,67440385317
2017-08-25 0:00,72100292859
2017-08-28 0:00,72594582814
2017-08-31 0:00,78517382093
2017-09-03 0:00,76890792076
2017-09-06 0:00,76816932326
2017-09-09 0:00,72439028688
2017-09-12 0:00,69874102307
2017-09-15 0:00,62533631277
2017-09-18 0:00,67843960761
2017-09-21 0:00,60664303199
2017-09-24 0:00,61417012141
2017-09-27 0:00,69723276430
2017-09-30 0:00,71952969918
2017-10-03 0:00,71279730159
2017-10-06 0:00,72170693759
2017-10-09 0:00,79381217031
2017-10-12 0:00,88501874725
2017-10-15 0:00,93889733071
2017-10-18 0:00,92242198388
2017-10-21 0:00,1.00167E+11
2017-10-24 0:00,91642025554
2017-10-27 0:00,96114589131
2017-10-30 0:00,1.01695E+11
2017-11-02 0:00,1.17759E+11
2017-11-05 0:00,1.22943E+11
2017-11-08 0:00,1.23631E+11
2017-11-11 0:00,1.06104E+11
2017-11-14 0:00,1.10678E+11
2017-11-17 0:00,1.2993E+11
2017-11-20 0:00,1.37799E+11
2017-11-23 0:00,1.36068E+11
2017-11-26 0:00,1.55076E+11
2017-11-29 0:00,1.65079E+11
2017-12-02 0:00,1.85068E+11
2017-12-05 0:00,1.98639E+11
2017-12-08 0:00,2.67786E+11
2017-12-11 0:00,2.80517E+11
2017-12-14 0:00,2.79234E+11
2017-12-17 0:00,3.23072E+11
2017-12-20 0:00,2.68505E+11
2017-12-23 0:00,2.57429E+11
2017-12-26 0:00,2.6822E+11
2017-12-29 0:00,2.45524E+11
2018-01-01 0:00,2.31719E+11
2018-01-04 0:00,2.55085E+11
2018-01-07 0:00,2.79554E+11
2018-01-10 0:00,2.54044E+11
2018-01-13 0:00,2.43614E+11
2018-01-16 0:00,1.8792E+11
2018-01-19 0:00,1.9205E+11
2018-01-22 0:00,1.7736E+11
2018-01-25 0:00,1.88699E+11
2018-01-28 0:00,1.98044E+11
2018-01-31 0:00,1.70482E+11
2018-02-03 0:00,1.52885E+11
2018-02-06 0:00,1.29506E+11
2018-02-09 0:00,1.43871E+11
2018-02-12 0:00,1.4857E+11
2018-02-15 0:00,1.68287E+11
2018-02-18 0:00,1.77223E+11
2018-02-21 0:00,1.77782E+11
2018-02-24 0:00,1.63745E+11
2018-02-27 0:00,1.81806E+11
2018-03-02 0:00,1.86803E+11
2018-03-05 0:00,1.95991E+11
2018-03-08 0:00,1.59429E+11
2018-03-11 0:00,1.65101E+11
2018-03-14 0:00,1.3792E+11
2018-03-17 0:00,1.35294E+11
2018-03-20 0:00,1.52154E+11
2018-03-23 0:00,1.47119E+11
2018-03-26 0:00,1.38878E+11
2018-03-29 0:00,1.21548E+11
2018-04-01 0:00,1.15177E+11
2018-04-04 0:00,1.15109E+11
2018-04-07 0:00,1.17523E+11
2018-04-10 0:00,1.15186E+11
2018-04-13 0:00,1.34034E+11
2018-04-16 0:00,1.36597E+11
2018-04-19 0:00,1.40229E+11
2018-04-22 0:00,1.50199E+11
2018-04-25 0:00,1.52915E+11
2018-04-28 0:00,1.58584E+11
2018-05-01 0:00,1.54369E+11
2018-05-04 0:00,1.65232E+11
2018-05-07 0:00,1.59073E+11
2018-05-10 0:00,1.54968E+11
2018-05-13 0:00,1.48651E+11
2018-05-16 0:00,1.42108E+11
2018-05-19 0:00,1.40152E+11
2018-05-22 0:00,1.36658E+11
2018-05-25 0:00,1.26979E+11
2018-05-28 0:00,1.21654E+11
2018-05-31 0:00,1.27857E+11
2018-06-03 0:00,1.31461E+11
2018-06-06 0:00,1.30753E+11
2018-06-09 0:00,1.29236E+11
2018-06-12 0:00,1.11684E+11
2018-06-15 0:00,1.09994E+11
2018-06-18 0:00,1.14812E+11
2018-06-21 0:00,1.15186E+11
2018-06-24 0:00,1.05838E+11
2018-06-27 0:00,1.05064E+11
2018-06-30 0:00,1.01965E+11
2018-07-03 0:00,1.13613E+11
2018-07-06 0:00,1.11568E+11
2018-07-09 0:00,1.15217E+11
2018-07-12 0:00,1.09625E+11
2018-07-15 0:00,1.07543E+11
2018-07-18 0:00,1.26293E+11
2018-07-21 0:00,1.2584E+11
2018-07-24 0:00,1.3234E+11
2018-07-27 0:00,1.36316E+11
2018-07-30 0:00,1.41731E+11
2018-08-02 0:00,1.30473E+11
2018-08-05 0:00,1.2049E+11
2018-08-08 0:00,1.10935E+11
2018-08-11 0:00,1.06592E+11
2018-08-14 0:00,1.04136E+11
2018-08-17 0:00,1.11505E+11
2018-08-20 0:00,1.10813E+11
2018-08-23 0:00,1.10855E+11
2018-08-26 0:00,1.15E+11
2018-08-29 0:00,1.21608E+11
2018-09-01 0:00,1.22453E+11
2018-09-04 0:00,1.26386E+11
2018-09-07 0:00,1.11206E+11
2018-09-10 0:00,1.08706E+11
2018-09-13 0:00,1.11372E+11
2018-09-16 0:00,1.11931E+11
2018-09-19 0:00,1.09464E+11
2018-09-22 0:00,1.15955E+11
2018-09-25 0:00,1.10862E+11
2018-09-28 0:00,1.15478E+11
2018-10-01 0:00,1.14023E+11
2018-10-04 0:00,1.13586E+11
2018-10-07 0:00,1.1353E+11
2018-10-10 0:00,1.13641E+11
2018-10-13 0:00,1.08439E+11
2018-10-16 0:00,1.14293E+11
2018-10-19 0:00,1.12435E+11
2018-10-22 0:00,1.12662E+11
2018-10-25 0:00,1.12341E+11
2018-10-28 0:00,1.11857E+11
2018-10-31 0:00,1.095E+11
2018-11-03 0:00,1.10465E+11
2018-11-06 0:00,1.11913E+11
2018-11-09 0:00,1.11352E+11
2018-11-12 0:00,1.11223E+11
2018-11-15 0:00,97580878799
2018-11-18 0:00,97449725598
2018-11-21 0:00,78829432161
2018-11-24 0:00,74680143637
2018-11-27 0:00,65267773995
2018-11-30 0:00,71463879215
2018-12-03 0:00,69056543507
2018-12-06 0:00,65166468118
2018-12-09 0:00,61454462930
2018-12-12 0:00,60307741463
2018-12-15 0:00,56200958928
2018-12-18 0:00,62181269660
2018-12-21 0:00,70013651674
2018-12-24 0:00,72881571041
2018-12-27 0:00,65391501364
2018-12-30 0:00,66899048186
2019-01-02 0:00,67518253392
2019-01-05 0:00,67564391446
2019-01-08 0:00,70510271360
2019-01-11 0:00,63908086521
2019-01-14 0:00,63007587598
2019-01-17 0:00,63302358632
2019-01-20 0:00,63324582526
2019-01-23 0:00,62639913156
2019-01-26 0:00,62823954010
2019-01-29 0:00,59830032463
2019-02-01 0:00,60497714397
2019-02-04 0:00,60483540931
2019-02-07 0:00,59656854796
2019-02-10 0:00,63906666656
2019-02-13 0:00,63536675608
2019-02-16 0:00,63684100667
2019-02-19 0:00,69017963420
2019-02-22 0:00,69661532821
2019-02-25 0:00,67240374580
2019-02-28 0:00,67508169174
2019-03-03 0:00,67250087789
2019-03-06 0:00,67896296542
2019-03-09 0:00,68905428410
2019-03-12 0:00,68243781583
2019-03-15 0:00,68921740199
2019-03-18 0:00,70359711202
2019-03-21 0:00,70878907589
2019-03-24 0:00,70350502260
2019-03-27 0:00,70654593242
2019-03-30 0:00,72367238143
2019-04-02 0:00,82396052745
2019-04-05 0:00,87812739527
2019-04-08 0:00,91955072586
2019-04-11 0:00,90175278506
2019-04-14 0:00,89601994942
2019-04-17 0:00,92043295984
2019-04-20 0:00,93632000534
2019-04-23 0:00,97630443794
2019-04-26 0:00,93294898912
2019-04-29 0:00,93277153700
2019-05-02 0:00,94849833672
2019-05-05 0:00,1.01124E+11
2019-05-08 0:00,1.03516E+11
2019-05-11 0:00,1.20916E+11
2019-05-14 0:00,1.41701E+11
2019-05-17 0:00,1.28655E+11
2019-05-20 0:00,1.40402E+11
2019-05-23 0:00,1.36229E+11
2019-05-26 0:00,1.43831E+11
2019-05-29 0:00,1.53301E+11
2019-06-01 0:00,1.51518E+11
2019-06-04 0:00,1.39238E+11
2019-06-07 0:00,1.40572E+11
